# seafloor_age,subduction_volume_km3y,decompacted_sediment_thickness,sed_thick_0.2d,ocean_crust_carb_percent
32.90,0.16,67.75,1415.84,2.35
56.48,0.23,5.43,246.75,2.06
32.90,0.16,67.75,1415.84,2.35
55.90,0.23,5.43,262.69,2.06
32.90,0.16,67.75,1415.84,2.35
55.31,0.23,5.43,262.69,2.05
32.90,0.19,67.75,1415.84,2.35
55.31,0.23,5.43,262.69,2.05
32.90,0.19,67.75,1415.84,2.35
54.71,0.23,5.43,262.69,2.05
32.90,0.19,67.75,1415.84,2.35
54.12,0.23,5.43,262.69,2.05
33.15,0.19,67.75,1415.84,2.35
54.12,0.23,5.43,252.13,2.05
33.61,0.19,67.75,1415.84,2.36
53.57,0.23,5.43,252.13,2.05
34.24,0.19,67.75,1415.84,2.37
52.91,0.22,5.43,252.13,2.05
34.24,0.19,67.75,1415.84,2.37
51.65,0.22,5.43,252.13,2.07
35.27,0.20,67.75,1415.84,2.37
51.95,0.22,5.43,252.13,2.06
38.45,0.21,67.75,1415.84,2.40
50.78,0.22,5.43,324.07,2.09
38.32,0.20,67.75,1415.84,2.40
49.56,0.22,5.43,324.07,2.14
38.21,0.20,67.75,1415.84,2.39
48.45,0.21,5.43,324.07,2.20
38.21,0.20,67.75,1415.84,2.39
47.30,0.21,5.43,324.07,2.26
38.08,0.20,67.75,1415.84,2.39
47.30,0.21,5.43,324.07,2.26
37.99,0.20,67.75,1415.84,2.39
46.08,0.21,5.43,324.07,2.32
37.88,0.19,67.75,1415.84,2.39
44.92,0.19,5.43,324.07,2.36
37.78,0.19,67.75,1415.84,2.39
43.74,0.19,5.43,324.07,2.38
37.78,0.19,67.75,1415.84,2.39
43.74,0.19,5.43,324.07,2.38
37.71,0.19,67.75,1415.84,2.39
42.54,0.19,5.43,324.07,2.40
37.64,0.19,67.75,1415.84,2.39
41.44,0.18,5.43,304.47,2.40
37.58,0.19,67.75,1415.84,2.39
40.25,0.18,5.43,304.47,2.40
37.53,0.19,67.75,1415.84,2.39
39.09,0.18,5.43,304.47,2.40
39.09,0.18,5.43,304.47,2.40
37.53,0.19,67.75,1415.84,2.39
38.37,0.18,5.43,304.47,2.40
37.50,0.19,67.75,1415.84,2.39
37.62,0.18,5.43,304.47,2.39
37.46,0.19,67.75,1415.84,2.39
37.43,0.19,67.75,1415.84,2.39
36.91,0.17,5.43,304.47,2.39
37.42,0.19,67.75,1415.84,2.39
37.15,0.17,5.43,304.47,2.39
37.42,0.19,67.75,1415.84,2.39
37.15,0.17,5.43,304.47,2.39
37.41,0.19,67.75,1415.84,2.39
36.44,0.17,5.43,304.47,2.38
37.41,0.19,67.75,1415.84,2.39
35.73,0.17,5.43,304.47,2.38
37.42,0.20,67.75,1415.84,2.39
35.00,0.17,5.43,304.47,2.37
37.43,0.20,67.75,1415.84,2.39
34.28,0.17,5.43,304.47,2.37
37.43,0.20,67.75,1415.84,2.39
33.56,0.17,5.43,304.47,2.36
37.46,0.20,67.75,1415.84,2.39
33.56,0.17,5.43,304.47,2.36
37.49,0.20,67.75,1415.84,2.39
32.84,0.16,5.43,304.47,2.35
37.53,0.20,67.75,1415.84,2.39
32.12,0.16,5.43,304.47,2.34
37.53,0.20,67.75,1415.84,2.39
31.19,0.16,5.43,301.48,2.33
37.58,0.20,67.75,1415.84,2.39
29.28,0.15,5.43,301.48,2.29
37.64,0.20,67.75,1415.84,2.39
27.02,0.15,5.43,301.48,2.25
37.70,0.20,67.75,1415.84,2.39
24.53,0.11,5.43,306.64,2.20
37.77,0.20,67.75,1415.84,2.39
24.53,0.11,5.43,306.64,2.20
37.77,0.20,67.75,1415.84,2.39
21.20,0.10,5.43,306.64,2.13
37.85,0.20,67.75,1415.84,2.39
37.94,0.20,67.75,1415.84,2.39
15.73,0.09,5.43,306.64,2.01
38.03,0.20,67.75,1415.84,2.39
15.76,0.09,5.43,306.64,2.00
38.13,0.20,67.75,1415.84,2.39
14.00,0.09,5.43,306.64,1.96
38.13,0.20,161.30,1415.84,2.39
12.08,0.08,5.43,306.64,1.91
38.24,0.17,161.30,1415.84,2.39
12.08,0.08,5.43,306.64,1.91
38.36,0.17,161.30,1415.84,2.40
11.25,0.08,5.43,306.64,1.88
38.36,0.17,161.30,1415.84,2.40
12.50,0.08,5.43,306.64,1.89
38.48,0.17,161.30,1415.84,2.40
38.61,0.17,161.30,1415.84,2.40
10.39,0.10,5.43,306.64,1.88
38.75,0.17,161.30,1415.84,2.40
11.56,0.10,5.43,306.64,1.90
38.75,0.17,161.30,1085.69,2.40
10.73,0.10,5.43,372.38,1.85
38.89,0.17,161.30,1085.69,2.40
10.73,0.10,5.43,372.38,1.85
39.04,0.17,161.30,1085.69,2.40
8.66,0.09,5.43,372.38,1.74
39.28,0.19,161.30,1085.69,2.40
8.04,0.09,5.43,372.38,1.73
39.28,0.19,161.30,1085.69,2.40
7.48,0.08,5.43,372.38,1.69
42.22,0.20,161.30,1085.69,2.40
7.48,0.08,5.43,372.38,1.69
7.07,0.08,5.43,372.38,1.66
42.44,0.20,161.30,1085.69,2.40
6.65,0.07,7.49,372.38,1.63
42.67,0.20,161.30,1085.69,2.40
4.66,0.06,7.49,372.38,1.48
4.12,0.06,7.49,372.38,1.44
42.91,0.20,60.17,1085.69,2.40
4.12,0.06,7.49,372.38,1.44
43.16,0.17,60.17,102.90,2.39
3.63,0.05,7.49,372.38,1.40
3.63,0.05,7.49,372.38,1.40
43.41,0.17,60.17,102.90,2.39
3.09,0.05,7.49,372.38,1.35
43.41,0.17,60.17,102.90,2.39
3.09,0.05,7.49,372.38,1.35
0.39,0.02,7.49,372.38,0.79
43.68,0.17,60.17,102.90,2.39
0.39,0.02,7.49,372.38,0.79
0.11,0.01,7.49,372.38,0.50
43.94,0.17,60.17,102.90,2.38
0.11,0.01,7.49,372.38,0.50
0.20,0.01,7.49,372.38,0.68
44.22,0.17,60.17,300.66,2.38
0.20,0.01,7.49,372.38,0.68
44.51,0.17,59.51,414.50,2.37
1.28,0.03,7.49,372.38,1.12
1.28,0.03,7.49,372.38,1.12
44.51,0.17,59.51,414.50,2.37
6.25,0.07,7.49,372.38,1.60
6.25,0.07,33.54,372.38,1.60
44.80,0.17,53.13,114.91,2.36
6.25,0.07,33.54,372.38,1.60
6.86,0.08,33.54,372.38,1.65
45.11,0.17,33.43,85.39,2.35
6.86,0.08,33.54,372.38,1.65
7.52,0.08,33.54,372.38,1.69
45.42,0.17,27.19,83.67,2.34
9.66,0.09,33.54,372.38,1.82
10.34,0.09,33.54,372.38,1.85
45.74,0.17,28.72,83.87,2.33
10.34,0.10,33.54,372.38,1.85
10.34,0.10,33.54,372.38,1.85
46.07,0.17,28.33,249.28,2.32
10.87,0.10,33.54,372.38,1.87
10.87,0.08,33.54,372.38,1.87
46.41,0.17,30.57,333.77,2.30
11.26,0.08,33.54,372.38,1.89
12.30,0.09,33.54,372.38,1.92
46.41,0.17,30.57,333.77,2.30
12.75,0.09,33.54,372.38,1.94
46.75,0.17,33.40,337.96,2.29
12.75,0.09,33.54,372.38,1.94
13.21,0.09,33.54,372.38,1.95
47.11,0.17,34.42,330.32,2.27
13.21,0.09,33.54,372.38,1.95
47.47,0.17,36.46,320.88,2.25
13.69,0.09,33.00,372.38,1.96
13.69,0.09,33.00,372.38,1.96
47.83,0.17,36.46,299.03,2.23
14.21,0.10,33.00,372.38,1.97
14.21,0.10,33.00,372.38,1.97
48.20,0.17,36.46,299.03,2.21
18.40,0.11,33.00,372.38,2.07
18.40,0.11,33.00,372.38,2.07
48.20,0.17,36.46,299.03,2.21
22.87,0.12,33.00,372.38,2.16
22.87,0.12,33.00,372.38,2.16
48.59,0.17,36.46,299.03,2.19
26.26,0.13,33.00,372.38,2.23
26.26,0.09,33.00,372.38,2.23
48.97,0.17,36.46,299.03,2.17
26.26,0.11,33.00,372.38,2.23
49.37,0.17,36.46,299.03,2.15
29.65,0.11,33.00,372.38,2.30
32.25,0.12,33.00,372.38,2.34
49.77,0.17,36.46,95.35,2.13
33.16,0.12,33.00,524.31,2.35
33.16,0.12,33.00,524.31,2.35
50.17,0.17,36.46,95.35,2.11
34.04,0.12,33.00,524.31,2.36
34.04,0.12,33.00,524.31,2.36
50.58,0.18,36.46,95.35,2.10
34.90,0.12,33.00,524.31,2.37
34.90,0.12,33.00,524.31,2.37
50.58,0.18,36.46,95.35,2.10
35.76,0.13,33.00,524.31,2.38
35.76,0.13,33.00,524.31,2.38
51.00,0.18,36.46,95.35,2.08
36.61,0.13,33.00,524.31,2.39
37.99,0.13,33.00,524.31,2.39
51.43,0.18,36.46,95.35,2.07
38.86,0.13,33.00,524.31,2.40
38.86,0.13,33.00,524.31,2.40
51.86,0.18,36.46,95.35,2.06
38.86,0.13,33.00,524.31,2.40
39.83,0.10,33.00,524.31,2.40
52.29,0.18,36.46,95.35,2.06
39.83,0.10,33.00,524.31,2.40
40.82,0.10,33.00,524.31,2.40
52.74,0.18,36.46,95.35,2.05
40.82,0.10,33.00,524.31,2.40
41.82,0.10,33.00,524.31,2.40
53.19,0.18,36.46,95.35,2.05
41.82,0.11,33.00,524.31,2.40
44.30,0.11,33.00,524.31,2.37
53.65,0.18,36.46,95.35,2.05
44.30,0.11,33.00,524.31,2.37
45.31,0.11,33.00,524.31,2.35
54.12,0.18,36.46,120.54,2.05
45.31,0.11,33.00,524.31,2.35
54.60,0.18,36.46,120.54,2.05
46.33,0.11,33.00,524.31,2.31
46.33,0.11,33.00,524.31,2.31
54.60,0.18,36.46,120.54,2.05
46.33,0.05,33.00,524.31,2.31
47.36,0.05,33.00,524.31,2.26
55.07,0.18,36.46,120.54,2.05
48.39,0.05,33.00,524.31,2.20
48.39,0.05,33.00,524.31,2.20
55.07,0.18,36.46,120.54,2.05
49.44,0.05,33.00,524.31,2.15
49.44,0.05,33.00,524.31,2.15
55.07,0.18,36.46,120.54,2.05
50.51,0.05,33.00,524.31,2.10
55.07,0.18,36.46,120.54,2.05
50.51,0.05,33.00,524.31,2.10
51.57,0.05,33.00,524.31,2.07
55.07,0.18,36.46,120.54,2.05
51.57,0.05,33.00,524.31,2.07
52.67,0.05,33.00,524.31,2.05
56.07,0.18,36.46,120.54,2.06
52.67,0.05,33.00,524.31,2.05
56.62,0.18,36.46,120.54,2.06
54.50,0.06,33.00,524.31,2.05
54.50,0.06,33.00,524.31,2.05
56.62,0.18,36.46,120.54,2.06
55.31,0.06,33.00,524.31,2.05
55.31,0.06,33.00,524.31,2.05
56.62,0.18,36.46,120.54,2.06
55.31,0.06,33.00,524.31,2.05
56.14,0.06,33.00,524.31,2.06
56.62,0.18,36.46,120.54,2.06
56.14,0.06,33.00,524.31,2.06
56.62,0.18,36.46,120.54,2.06
56.95,0.06,32.39,524.31,2.07
56.95,0.06,32.39,145.31,2.07
56.62,0.19,36.46,120.54,2.06
57.76,0.06,32.39,145.31,2.08
57.76,0.06,32.39,145.31,2.08
56.62,0.19,36.46,120.54,2.06
58.58,0.06,32.39,145.31,2.11
56.62,0.21,36.46,120.54,2.06
58.58,0.06,32.39,145.31,2.11
59.39,0.06,32.39,145.31,2.14
58.83,0.21,36.46,120.54,2.12
59.39,0.00,32.39,145.31,2.14
58.83,0.21,36.46,120.54,2.12
60.20,0.00,32.39,145.31,2.18
59.43,0.21,5.15,120.54,2.14
60.20,0.00,32.39,145.31,2.18
60.20,0.00,32.39,145.31,2.18
60.04,0.21,5.15,120.54,2.17
62.11,0.00,32.39,145.31,2.30
60.04,0.21,5.15,120.54,2.17
62.11,0.00,32.39,145.31,2.30
60.04,0.21,5.15,120.54,2.17
64.04,0.22,32.39,145.31,2.39
64.04,0.22,32.39,145.31,2.39
64.04,0.22,32.39,145.31,2.39
64.04,0.24,32.39,145.31,2.39
64.04,0.21,32.39,145.31,2.39
65.08,0.21,32.39,145.31,2.42
65.08,0.21,32.39,145.31,2.42
64.04,0.24,32.39,145.31,2.39
65.08,0.25,32.39,145.31,2.42
64.04,0.24,32.39,145.31,2.39
62.11,0.00,32.39,145.31,2.30
65.08,0.25,32.39,145.31,2.42
62.11,0.22,32.39,145.31,2.30
62.11,0.22,32.39,145.31,2.30
65.08,0.23,32.39,145.31,2.42
62.11,0.22,32.39,145.31,2.30
62.11,0.22,32.39,145.31,2.30
62.11,0.22,32.39,145.31,2.30
66.50,0.23,32.39,145.31,2.41
67.68,0.25,32.39,145.31,2.37
60.04,0.21,5.15,120.54,2.17
67.68,0.25,32.39,145.31,2.37
67.68,0.14,32.39,145.31,2.37
67.68,0.14,32.39,145.31,2.37
87.79,0.30,44.89,102.13,2.60
67.68,0.20,32.39,145.31,2.37
87.79,0.31,44.89,102.13,2.60
69.41,0.25,32.39,145.31,2.32
68.39,0.24,32.39,145.31,2.35
88.10,0.30,44.89,99.24,2.61
69.41,0.25,32.39,145.31,2.32
68.39,0.24,32.39,145.31,2.35
69.41,0.25,32.39,145.31,2.32
87.79,0.31,44.89,102.13,2.60
88.10,0.30,44.89,99.24,2.61
68.39,0.24,32.39,145.31,2.35
69.41,0.25,32.39,145.31,2.32
67.68,0.20,32.39,145.31,2.37
71.60,0.26,32.39,160.05,2.32
88.10,0.30,44.89,99.24,2.61
68.39,0.24,32.39,145.31,2.35
71.60,0.26,32.39,160.05,2.32
87.79,0.31,44.89,102.13,2.60
68.62,0.27,32.39,145.31,2.34
68.39,0.24,32.39,145.31,2.35
88.10,0.30,44.89,99.24,2.61
68.39,0.24,32.39,145.31,2.35
68.62,0.22,32.39,145.31,2.34
67.15,0.24,32.39,145.31,2.39
71.60,0.27,32.39,160.05,2.32
67.15,0.24,32.39,145.31,2.39
67.15,0.27,32.39,145.31,2.39
67.15,0.24,32.39,145.31,2.39
88.10,0.30,44.89,99.24,2.61
87.79,0.31,44.89,102.13,2.60
67.15,0.24,32.39,145.31,2.39
67.15,0.24,32.39,145.31,2.39
67.68,0.20,32.39,145.31,2.37
88.10,0.30,44.89,99.24,2.61
60.04,0.21,5.15,120.54,2.17
71.60,0.27,32.39,160.05,2.32
87.48,0.31,44.89,102.13,2.59
68.62,0.22,32.39,145.31,2.34
88.40,0.30,44.89,99.24,2.62
67.64,0.21,32.39,145.31,2.37
88.40,0.30,44.89,99.24,2.62
67.64,0.21,32.39,145.31,2.37
87.48,0.31,44.89,102.13,2.59
67.64,0.25,32.39,145.31,2.37
88.40,0.30,44.89,99.24,2.62
71.60,0.27,22.85,160.05,2.32
68.62,0.26,32.39,145.31,2.34
67.64,0.21,32.39,145.31,2.37
68.62,0.22,32.39,145.31,2.34
67.64,0.25,32.39,145.31,2.37
88.40,0.30,44.89,99.24,2.62
68.62,0.26,32.39,145.31,2.34
87.48,0.31,44.89,102.13,2.59
88.40,0.30,44.89,99.24,2.62
71.60,0.27,22.85,160.05,2.32
88.69,0.30,44.89,99.24,2.63
87.48,0.31,44.89,102.13,2.59
88.69,0.30,44.89,99.24,2.63
88.69,0.30,44.89,99.24,2.63
72.29,0.27,22.85,160.05,2.34
87.48,0.31,44.89,102.13,2.59
88.69,0.30,44.89,99.24,2.63
88.69,0.30,44.89,99.24,2.63
72.29,0.19,22.85,160.05,2.34
87.48,0.31,44.89,102.13,2.59
72.29,0.19,22.85,160.05,2.34
90.10,0.27,44.89,99.24,2.66
72.29,0.19,22.85,160.05,2.34
87.14,0.31,44.89,102.13,2.58
60.04,0.21,5.15,120.54,2.17
90.10,0.27,44.89,99.24,2.66
72.29,0.22,22.85,160.05,2.34
90.10,0.27,44.89,99.24,2.66
87.14,0.31,44.89,102.13,2.58
72.29,0.22,22.85,160.05,2.34
90.10,0.27,44.89,99.24,2.66
87.14,0.31,44.89,102.13,2.58
72.29,0.22,22.85,160.05,2.34
90.10,0.27,39.99,99.24,2.66
87.14,0.31,44.89,102.13,2.58
72.92,0.22,22.85,160.05,2.36
90.10,0.27,39.99,99.24,2.66
72.92,0.22,22.66,160.05,2.36
90.37,0.27,39.99,99.24,2.67
87.93,0.31,44.89,102.13,2.61
60.04,0.21,5.15,120.54,2.17
90.37,0.27,39.99,99.24,2.67
72.92,0.22,22.66,160.05,2.36
87.93,0.31,44.89,102.13,2.61
90.37,0.27,39.99,99.24,2.67
72.92,0.25,22.66,160.05,2.36
90.37,0.27,39.99,99.24,2.67
87.93,0.31,44.89,102.13,2.61
74.63,0.25,22.66,160.05,2.41
90.37,0.27,39.99,99.24,2.67
87.93,0.31,44.89,102.13,2.61
74.63,0.25,22.66,160.05,2.41
91.51,0.26,39.99,99.24,2.68
60.04,0.21,5.15,120.54,2.17
74.63,0.25,22.66,160.05,2.41
87.93,0.31,44.89,102.13,2.61
91.80,0.26,39.99,99.24,2.69
74.63,0.25,22.66,160.05,2.41
91.80,0.26,39.99,99.24,2.69
87.93,0.31,44.89,102.13,2.61
74.63,0.23,22.66,160.05,2.41
91.80,0.26,39.99,99.24,2.69
74.63,0.23,22.66,160.05,2.41
74.63,0.23,22.66,160.05,2.41
88.57,0.31,44.89,160.05,2.63
91.80,0.26,39.99,99.24,2.69
77.01,0.23,22.66,160.05,2.45
77.01,0.23,22.66,160.05,2.45
91.80,0.26,39.99,99.24,2.69
88.57,0.31,22.66,160.05,2.63
60.04,0.23,5.15,120.54,2.17
91.80,0.26,39.99,99.24,2.69
77.01,0.20,22.66,160.05,2.45
91.67,0.26,39.99,99.24,2.68
88.57,0.31,22.66,160.05,2.63
91.67,0.29,39.99,99.24,2.68
91.67,0.29,39.99,99.24,2.68
77.01,0.20,22.66,160.05,2.45
88.57,0.31,22.66,160.05,2.63
91.67,0.29,39.99,99.24,2.68
91.67,0.29,39.99,99.24,2.68
90.86,0.29,39.99,99.24,2.67
60.30,0.23,138.09,120.54,2.19
90.86,0.29,39.99,99.24,2.67
88.57,0.31,22.66,160.05,2.63
77.01,0.20,22.66,160.05,2.45
91.64,0.13,39.99,99.24,2.68
88.57,0.31,22.66,160.05,2.63
77.01,0.20,22.66,160.05,2.45
91.64,0.13,39.99,99.24,2.68
83.78,0.30,22.66,160.05,2.50
79.64,0.20,22.66,160.05,2.47
60.30,0.23,138.09,120.54,2.19
91.64,0.13,39.99,99.24,2.68
83.78,0.30,22.66,160.05,2.50
79.64,0.20,22.66,160.05,2.47
91.64,0.13,39.99,99.24,2.68
83.78,0.30,22.66,160.05,2.50
79.64,0.20,22.66,160.05,2.47
91.64,0.13,39.99,99.24,2.68
83.78,0.30,22.66,160.05,2.50
60.30,0.23,138.09,120.54,2.19
83.78,0.30,22.66,160.05,2.50
91.64,0.13,39.99,99.24,2.68
79.64,0.20,22.66,160.05,2.47
83.78,0.30,22.66,160.05,2.50
91.61,0.20,39.99,99.24,2.68
83.78,0.30,22.66,160.05,2.50
79.64,0.24,22.66,160.05,2.47
83.41,0.30,22.66,160.05,2.49
91.61,0.20,56.68,99.24,2.68
79.64,0.24,22.66,160.05,2.47
60.30,0.23,138.09,120.54,2.19
83.41,0.30,22.66,160.05,2.49
91.61,0.20,56.68,99.24,2.68
83.41,0.30,22.66,160.05,2.49
79.64,0.24,22.66,160.05,2.47
91.61,0.20,82.63,99.24,2.68
83.41,0.30,22.66,160.05,2.49
82.67,0.24,22.66,160.05,2.49
83.41,0.30,22.66,160.05,2.49
91.61,0.20,82.63,99.24,2.68
82.67,0.24,22.66,160.05,2.49
83.04,0.30,22.66,160.05,2.49
91.61,0.22,82.63,99.24,2.68
60.30,0.19,138.09,120.54,2.19
83.04,0.30,22.66,160.05,2.49
82.67,0.24,22.66,160.05,2.49
91.61,0.22,82.63,99.24,2.68
83.04,0.30,22.66,160.05,2.49
90.81,0.21,82.63,99.24,2.67
82.67,0.24,22.66,160.05,2.49
83.04,0.30,22.66,160.05,2.49
90.81,0.21,82.63,99.24,2.67
82.67,0.24,22.66,160.05,2.49
83.04,0.30,22.66,160.05,2.49
91.60,0.16,82.63,84.32,2.68
82.67,0.24,22.66,160.05,2.49
83.04,0.30,22.66,160.05,2.49
62.08,0.20,138.09,120.54,2.30
91.60,0.16,82.63,84.32,2.68
91.60,0.16,82.63,84.32,2.68
91.60,0.16,82.63,84.32,2.68
62.08,0.20,138.09,120.54,2.30
91.60,0.16,82.63,84.32,2.68
91.60,0.16,95.83,84.32,2.68
91.62,0.16,95.83,84.32,2.68
91.62,0.16,95.83,84.32,2.68
62.08,0.20,138.09,120.54,2.30
91.62,0.16,95.83,84.32,2.68
91.62,0.16,95.83,84.32,2.68
91.62,0.16,95.83,84.32,2.68
62.08,0.20,138.09,120.54,2.30
91.62,0.16,95.83,84.32,2.68
91.62,0.16,95.83,84.32,2.68
90.85,0.23,95.83,84.32,2.67
90.85,0.23,95.83,84.32,2.67
90.85,0.23,95.83,84.32,2.67
62.08,0.20,138.09,120.54,2.30
90.85,0.23,75.70,84.32,2.67
90.85,0.23,75.70,84.32,2.67
90.90,0.23,75.70,84.32,2.67
90.90,0.23,75.70,84.32,2.67
62.08,0.20,138.09,120.54,2.30
90.90,0.23,75.70,84.32,2.67
90.90,0.23,75.70,70.53,2.67
90.90,0.23,75.70,70.53,2.67
90.90,0.29,75.70,70.53,2.67
90.90,0.29,75.70,70.53,2.67
90.15,0.29,75.70,70.53,2.66
90.15,0.29,75.70,70.53,2.66
90.15,0.29,75.70,70.53,2.66
90.15,0.30,75.70,70.53,2.66
90.15,0.30,75.70,70.53,2.66
90.24,0.30,39.23,70.53,2.66
62.08,0.20,138.09,120.54,2.30
90.24,0.30,39.23,70.53,2.66
90.24,0.29,39.23,70.53,2.66
90.24,0.29,39.23,70.53,2.66
90.24,0.29,39.23,70.53,2.66
90.24,0.29,39.23,70.53,2.66
89.51,0.27,39.23,70.53,2.65
89.51,0.27,39.23,70.53,2.65
89.51,0.27,39.23,70.53,2.65
89.51,0.27,39.23,70.53,2.65
89.51,0.27,39.23,70.53,2.65
88.79,0.27,39.23,70.53,2.63
88.79,0.26,39.23,70.53,2.63
62.08,0.20,138.09,120.54,2.30
88.79,0.26,39.23,70.53,2.63
88.79,0.26,39.23,70.53,2.63
88.79,0.26,39.23,70.53,2.63
88.79,0.26,39.23,70.53,2.63
64.32,0.21,138.09,120.54,2.40
88.91,0.26,39.23,70.53,2.63
88.91,0.24,39.23,70.53,2.63
88.91,0.24,39.23,70.53,2.63
64.32,0.21,138.09,120.54,2.40
88.91,0.24,39.23,70.53,2.63
88.91,0.23,39.23,70.53,2.63
88.91,0.23,39.23,70.53,2.63
64.32,0.21,138.09,120.54,2.40
88.20,0.23,39.23,70.53,2.61
88.20,0.23,39.23,90.29,2.61
88.20,0.23,39.23,90.29,2.61
64.32,0.21,138.09,120.54,2.40
88.20,0.23,39.23,90.29,2.61
88.20,0.23,39.23,90.29,2.61
64.32,0.24,138.09,120.54,2.40
88.20,0.23,39.23,90.29,2.61
87.50,0.23,39.23,90.29,2.59
87.50,0.23,39.23,90.29,2.59
64.32,0.24,138.09,120.54,2.40
87.50,0.23,39.23,90.29,2.59
88.36,0.23,39.23,90.29,2.62
88.36,0.21,39.23,90.29,2.62
64.32,0.24,138.09,120.54,2.40
88.36,0.21,44.80,90.29,2.62
87.66,0.20,44.80,90.29,2.60
64.32,0.24,138.09,120.54,2.40
87.66,0.20,44.80,90.29,2.60
87.66,0.20,67.49,90.29,2.60
64.32,0.24,138.09,120.54,2.40
87.66,0.20,67.49,90.29,2.60
65.28,0.24,138.09,120.54,2.42
87.66,0.21,67.49,90.29,2.60
65.28,0.24,138.09,120.54,2.42
87.66,0.21,92.32,90.29,2.60
86.97,0.21,92.32,90.29,2.58
65.28,0.24,138.09,120.54,2.42
86.97,0.21,92.32,90.29,2.58
65.28,0.24,138.09,120.54,2.42
87.84,0.21,92.32,90.29,2.60
65.28,0.24,138.09,120.54,2.42
87.84,0.21,92.32,90.29,2.60
65.28,0.24,138.09,120.54,2.42
87.84,0.21,92.32,90.29,2.60
87.84,0.21,92.32,90.29,2.60
65.56,0.22,138.09,120.54,2.42
87.16,0.21,92.32,90.29,2.58
87.16,0.21,92.32,90.29,2.58
87.16,0.21,92.32,90.29,2.58
65.56,0.22,138.09,120.54,2.42
87.16,0.21,92.32,100.36,2.58
87.16,0.21,92.32,100.36,2.58
87.16,0.21,92.32,100.36,2.58
65.56,0.22,138.09,120.54,2.42
86.43,0.27,92.32,100.36,2.56
86.43,0.27,92.32,100.36,2.56
86.43,0.27,92.32,100.36,2.56
86.43,0.27,92.32,100.36,2.56
86.43,0.27,92.32,100.36,2.56
65.56,0.22,138.09,120.54,2.42
85.69,0.27,92.32,100.36,2.54
85.69,0.27,92.32,100.36,2.54
85.69,0.26,92.32,100.36,2.54
85.80,0.26,92.32,100.36,2.54
85.80,0.26,92.32,100.36,2.54
65.56,0.22,138.09,120.54,2.42
85.80,0.26,92.32,100.36,2.54
85.80,0.26,92.32,100.36,2.54
85.80,0.26,92.32,100.36,2.54
85.80,0.26,92.32,100.36,2.54
85.80,0.26,92.32,100.36,2.54
65.56,0.22,138.09,120.54,2.42
85.80,0.12,92.32,100.36,2.54
87.15,0.12,92.32,100.36,2.58
65.99,0.21,138.09,120.54,2.41
87.85,0.12,92.32,100.36,2.60
65.99,0.21,138.09,120.54,2.41
87.85,0.12,92.32,100.36,2.60
87.85,0.12,122.51,101.95,2.60
65.99,0.21,138.09,120.54,2.41
74.16,0.03,-0.06,50.36,2.39
87.85,0.12,122.51,101.95,2.60
65.99,0.21,114.80,120.54,2.41
80.43,0.04,-0.06,50.36,2.47
87.85,0.12,122.51,101.95,2.60
65.99,0.21,114.80,120.54,2.41
87.85,0.12,122.51,101.95,2.60
80.43,0.03,-0.06,50.36,2.47
65.99,0.22,114.80,120.54,2.41
87.27,0.12,122.51,101.95,2.59
80.43,0.03,0.66,51.52,2.47
65.99,0.21,114.80,119.12,2.41
88.90,0.12,122.51,101.95,2.63
64.81,0.21,114.80,119.12,2.41
80.43,0.03,0.66,51.52,2.47
88.90,0.12,122.51,101.95,2.63
64.81,0.21,114.80,119.12,2.41
88.90,0.12,122.51,101.95,2.63
80.43,0.03,0.66,51.52,2.47
64.81,0.21,114.80,119.12,2.41
88.90,0.12,122.51,101.95,2.63
64.81,0.21,114.80,119.12,2.41
80.43,0.03,0.66,51.52,2.47
64.81,0.24,114.80,119.12,2.41
88.90,0.12,122.51,101.95,2.63
80.43,0.03,0.66,51.52,2.47
64.46,0.24,114.80,119.12,2.41
88.90,0.12,122.51,101.95,2.63
64.46,0.24,114.80,119.12,2.41
80.43,0.03,0.66,51.52,2.47
88.90,0.12,122.51,101.95,2.63
64.46,0.24,114.80,119.12,2.41
88.81,0.11,122.51,94.73,2.63
64.46,0.24,114.80,119.12,2.41
83.27,0.03,4.53,56.58,2.49
64.46,0.24,114.80,119.12,2.41
88.81,0.06,122.51,94.73,2.63
83.27,0.03,4.53,56.58,2.49
64.70,0.24,114.80,119.12,2.41
88.81,0.06,122.51,94.73,2.63
83.27,0.03,4.53,56.58,2.49
88.81,0.06,122.51,94.73,2.63
64.70,0.21,114.80,119.12,2.41
88.94,0.06,102.18,94.73,2.63
83.27,0.03,4.53,56.58,2.49
88.94,0.06,102.18,94.73,2.63
64.70,0.21,114.80,119.12,2.41
83.27,0.03,4.53,56.58,2.49
88.94,0.25,102.18,94.73,2.63
88.94,0.25,102.18,94.73,2.63
88.94,0.25,102.18,94.73,2.63
88.94,0.25,100.58,94.73,2.63
88.94,0.25,100.58,94.73,2.63
85.47,0.04,13.38,61.63,2.54
88.94,0.25,100.58,94.73,2.63
64.70,0.21,114.80,119.12,2.41
88.94,0.25,100.58,94.73,2.63
88.94,0.25,100.58,94.73,2.63
88.00,0.25,100.58,94.73,2.61
85.47,0.04,13.38,61.63,2.54
88.00,0.25,100.58,94.73,2.61
88.00,0.25,100.58,94.73,2.61
88.00,0.25,100.58,86.54,2.61
88.00,0.25,100.58,86.54,2.61
64.70,0.21,114.80,119.12,2.41
85.47,0.00,13.38,61.63,2.54
87.07,0.25,100.58,86.54,2.58
87.07,0.25,100.58,86.54,2.58
87.07,0.25,100.58,86.54,2.58
87.07,0.25,100.58,86.54,2.58
85.47,0.00,13.38,61.63,2.54
87.07,0.25,100.58,86.54,2.58
86.17,0.25,100.58,86.54,2.55
86.35,0.25,69.93,79.69,2.56
64.83,0.15,114.80,119.12,2.41
86.35,0.24,69.93,79.69,2.56
85.47,0.01,-0.02,51.80,2.54
86.35,0.24,69.93,79.69,2.56
86.35,0.22,69.93,79.69,2.56
86.35,0.22,77.78,80.97,2.56
85.47,0.01,0.61,52.54,2.54
86.35,0.22,77.78,80.97,2.56
86.35,0.22,77.78,80.97,2.56
64.83,0.15,114.80,119.12,2.41
86.35,0.22,77.78,80.97,2.56
85.47,0.01,0.61,52.54,2.54
86.35,0.22,77.78,80.97,2.56
86.35,0.22,77.78,80.97,2.56
85.47,0.22,40.81,71.23,2.54
85.47,0.01,0.61,52.54,2.54
85.47,0.22,40.81,71.23,2.54
85.47,0.22,40.81,71.23,2.54
64.83,0.15,114.80,119.12,2.41
85.47,0.22,40.81,71.23,2.54
85.47,0.22,40.81,71.23,2.54
85.47,0.01,0.61,52.54,2.54
85.47,0.21,16.79,62.18,2.54
85.47,0.27,16.79,62.18,2.54
85.47,0.27,16.79,62.18,2.54
85.47,0.27,16.79,62.18,2.54
85.47,0.26,16.79,62.18,2.54
85.47,0.26,0.61,52.54,2.54
85.47,0.26,0.61,52.54,2.54
85.47,0.01,0.61,52.54,2.54
64.83,0.15,114.80,119.12,2.41
85.47,0.01,0.61,52.54,2.54
64.83,0.15,114.80,119.12,2.41
85.47,0.01,3.25,56.66,2.54
85.47,0.01,3.25,56.66,2.54
64.83,0.20,114.80,119.12,2.41
85.47,0.01,3.25,56.66,2.54
64.83,0.20,114.80,119.12,2.41
85.47,0.01,3.25,56.66,2.54
64.83,0.20,114.80,119.12,2.41
85.47,0.01,3.25,56.66,2.54
64.65,0.20,114.80,119.12,2.41
85.47,0.01,10.40,60.67,2.54
64.65,0.20,114.80,119.12,2.41
85.47,0.01,0.09,51.27,2.54
85.47,0.02,0.09,51.27,2.54
64.65,0.17,114.80,119.12,2.41
85.47,0.02,0.09,51.27,2.54
85.47,0.02,0.09,51.27,2.54
64.65,0.17,114.80,119.12,2.41
85.47,0.02,0.09,51.27,2.54
64.65,0.17,114.80,119.12,2.41
85.47,0.02,1.04,55.15,2.54
85.47,0.02,1.04,55.15,2.54
64.52,0.17,114.80,116.85,2.41
85.47,0.02,1.04,55.15,2.54
64.52,0.17,114.80,116.85,2.41
85.47,0.02,1.04,55.15,2.54
85.47,0.02,1.04,55.15,2.54
64.52,0.17,114.80,116.85,2.41
85.47,0.02,1.04,55.15,2.54
85.47,0.02,0.00,50.68,2.54
64.52,0.17,114.80,116.85,2.41
85.47,0.02,0.00,50.68,2.54
64.52,0.17,114.80,116.85,2.41
85.47,0.02,0.00,50.68,2.54
85.47,0.02,0.00,50.68,2.54
64.52,0.20,114.80,116.85,2.41
27.00,0.01,0.00,50.68,2.25
64.52,0.20,114.80,116.85,2.41
27.00,0.01,0.00,53.77,2.25
63.40,0.20,114.80,116.85,2.37
27.00,0.01,0.00,53.77,2.25
63.40,0.20,114.80,113.54,2.37
27.00,0.01,0.00,53.77,2.25
63.40,0.20,114.80,113.54,2.37
27.00,0.01,0.00,53.77,2.25
27.00,0.02,0.00,53.77,2.25
63.40,0.20,114.80,113.54,2.37
27.00,0.02,0.00,52.57,2.25
63.40,0.20,114.80,113.54,2.37
27.00,0.02,-0.16,50.53,2.25
27.00,0.02,-0.16,50.53,2.25
63.40,0.00,114.80,113.54,2.37
27.00,0.03,-0.16,50.53,2.25
27.00,0.03,-0.16,50.53,2.25
27.00,0.03,-0.16,50.53,2.25
63.40,0.00,114.80,113.54,2.37
27.00,0.03,-0.16,50.53,2.25
27.00,0.03,-0.16,50.53,2.25
63.40,0.00,114.80,113.54,2.37
6.38,0.02,7.91,108.65,1.61
6.38,0.02,15.97,117.96,1.61
6.38,0.02,15.97,117.96,1.61
63.15,0.00,114.80,113.54,2.36
6.38,0.02,15.97,117.96,1.61
6.38,0.02,15.97,117.96,1.61
63.15,0.00,114.80,113.54,2.36
6.38,0.02,15.97,117.96,1.61
6.38,0.02,42.01,149.63,1.61
6.38,0.02,42.01,149.63,1.61
63.15,0.00,114.80,113.54,2.36
6.38,0.02,42.01,149.63,1.61
6.38,0.02,42.98,144.65,1.61
63.15,0.00,114.80,113.54,2.36
6.38,0.02,42.98,144.65,1.61
6.38,0.02,42.98,144.65,1.61
6.38,0.02,42.98,144.65,1.61
63.15,0.00,114.80,113.54,2.36
73.32,0.12,53.07,76.43,2.37
73.32,0.13,53.07,76.43,2.37
6.38,0.01,46.38,146.85,1.61
73.32,0.13,71.18,77.98,2.37
73.32,0.13,71.18,77.98,2.37
6.38,0.01,46.38,146.85,1.61
73.32,0.13,71.18,77.98,2.37
73.32,0.12,71.18,77.98,2.37
6.38,0.01,46.38,146.85,1.61
63.15,0.00,114.80,113.54,2.36
73.32,0.12,71.18,77.98,2.37
67.90,0.12,80.34,73.48,2.37
6.38,0.01,46.38,146.85,1.61
67.90,0.12,80.34,73.48,2.37
6.38,0.01,47.98,145.92,1.61
67.90,0.12,80.34,73.48,2.37
67.90,0.12,80.34,73.48,2.37
6.38,0.01,47.98,145.92,1.61
63.15,0.11,114.80,113.54,2.36
58.37,0.11,80.34,73.48,2.10
58.37,0.11,80.34,73.48,2.10
6.38,0.01,47.98,145.92,1.61
58.37,0.11,89.78,66.67,2.10
58.37,0.11,89.78,66.67,2.10
6.38,0.01,47.98,145.92,1.61
58.37,0.11,89.78,66.67,2.10
63.15,0.11,114.80,113.54,2.36
6.38,0.01,47.98,145.92,1.61
58.37,0.11,89.78,66.67,2.10
58.37,0.11,84.05,67.05,2.10
6.38,0.01,50.14,143.64,1.61
58.37,0.11,71.25,64.99,2.10
58.37,0.10,71.25,64.99,2.10
6.38,0.01,51.48,142.56,1.61
58.37,0.10,71.25,64.99,2.10
63.15,0.11,114.80,113.54,2.36
6.38,0.01,51.48,142.56,1.61
58.37,0.09,71.25,64.99,2.10
58.37,0.09,71.25,64.99,2.10
6.38,0.01,51.48,142.56,1.61
47.34,0.08,71.25,64.99,2.26
6.38,0.01,51.48,142.56,1.61
63.15,0.11,114.80,113.54,2.36
47.34,0.08,39.29,61.80,2.26
6.38,0.01,51.48,142.56,1.61
47.34,0.08,39.29,61.80,2.26
6.38,0.01,51.48,142.56,1.61
47.34,0.08,39.29,61.80,2.26
6.38,0.01,51.48,142.56,1.61
63.15,0.11,114.80,113.54,2.36
47.34,0.08,39.29,61.80,2.26
6.38,0.01,50.88,138.71,1.61
47.34,0.08,36.75,60.46,2.26
6.38,0.01,50.88,138.71,1.61
47.34,0.08,36.75,60.46,2.26
63.15,0.14,114.80,113.54,2.36
6.38,0.01,50.88,138.71,1.61
47.34,0.07,18.26,57.63,2.26
47.34,0.07,18.26,57.63,2.26
6.38,0.01,50.88,138.71,1.61
47.34,0.07,18.26,57.63,2.26
6.38,0.01,50.88,138.71,1.61
14.99,0.07,114.80,113.54,1.99
6.38,0.01,50.88,138.71,1.61
47.34,0.07,18.26,57.63,2.26
6.38,0.01,50.88,138.71,1.61
47.34,0.07,18.26,57.63,2.26
6.38,0.01,50.88,138.71,1.61
6.38,0.01,50.88,138.71,1.61
47.34,0.07,18.26,57.63,2.26
6.38,0.01,50.88,138.71,1.61
14.99,0.07,114.80,113.54,1.99
38.31,0.06,6.80,55.13,2.40
6.38,0.01,50.88,138.71,1.61
38.31,0.06,23.25,60.83,2.40
85.67,0.05,50.88,138.71,2.54
38.31,0.06,23.25,60.83,2.40
85.67,0.05,50.88,138.71,2.54
14.99,0.07,114.80,113.54,1.99
37.18,0.06,23.25,60.83,2.40
85.67,0.05,50.88,138.71,2.54
85.67,0.05,50.88,138.71,2.54
37.18,0.06,23.25,60.83,2.40
61.99,0.22,2.95,88.76,2.29
61.99,0.22,2.95,88.76,2.29
85.67,0.05,47.12,119.35,2.54
37.18,0.06,23.25,60.83,2.40
61.99,0.22,2.95,88.76,2.29
61.99,0.22,2.95,88.76,2.29
14.99,0.07,114.80,113.54,1.99
61.26,0.22,2.95,88.76,2.25
85.67,0.05,48.59,119.35,2.54
37.18,0.06,7.74,56.27,2.40
61.99,0.22,2.95,88.76,2.29
61.26,0.21,2.95,88.76,2.25
85.67,0.02,48.59,119.35,2.54
64.40,0.21,2.95,112.29,2.40
64.27,0.23,2.95,112.29,2.40
61.99,0.22,2.95,88.76,2.29
61.26,0.21,2.95,88.76,2.25
37.18,0.06,7.74,56.27,2.40
64.40,0.21,2.95,112.29,2.40
64.27,0.23,114.80,112.29,2.40
62.72,0.23,2.95,88.76,2.34
64.40,0.21,2.95,112.29,2.40
64.27,0.23,114.80,112.29,2.40
64.40,0.21,2.95,112.29,2.40
62.72,0.23,2.95,88.76,2.34
37.18,0.06,7.74,56.27,2.40
64.27,0.22,114.80,112.29,2.40
61.26,0.14,2.95,88.76,2.25
64.40,0.21,2.95,112.29,2.40
62.72,0.23,2.95,88.76,2.34
23.55,0.08,114.80,113.54,2.18
64.40,0.21,2.95,112.29,2.40
62.72,0.23,2.95,88.76,2.34
64.27,0.22,114.80,113.54,2.40
64.40,0.21,2.95,107.82,2.40
37.18,0.06,7.74,56.27,2.40
64.27,0.22,114.80,113.54,2.40
37.18,0.06,7.74,56.27,2.40
61.58,0.15,2.95,88.76,2.27
62.01,0.22,114.80,113.54,2.29
37.18,0.03,7.96,55.36,2.40
23.55,0.08,114.80,113.54,2.18
62.01,0.22,114.80,113.54,2.29
37.18,0.03,0.03,50.56,2.40
61.58,0.15,2.95,88.76,2.27
62.01,0.22,114.80,113.54,2.29
37.18,0.03,0.03,50.56,2.40
62.01,0.23,114.80,113.54,2.29
23.55,0.08,114.80,113.54,2.18
61.58,0.14,2.95,88.76,2.27
37.18,0.03,0.03,50.56,2.40
62.01,0.23,114.80,113.54,2.29
17.33,0.02,0.03,50.56,2.04
61.58,0.05,2.95,88.76,2.27
62.01,0.23,114.80,113.54,2.29
23.55,0.08,114.80,113.54,2.18
17.33,0.09,0.03,50.56,2.04
62.01,0.23,114.80,113.54,2.29
17.33,0.09,0.03,50.56,2.04
61.58,0.05,2.95,88.76,2.27
23.55,0.08,114.80,113.54,2.18
62.01,0.23,114.80,113.54,2.29
17.33,0.09,0.03,50.56,2.04
61.58,0.05,2.95,88.76,2.27
17.33,0.09,0.10,49.82,2.04
23.55,0.10,114.80,113.54,2.18
61.58,0.17,2.95,88.76,2.27
23.55,0.08,114.80,113.54,2.18
19.42,0.09,-0.00,49.73,2.09
61.58,0.17,2.95,88.76,2.27
23.55,0.10,114.80,113.54,2.18
61.58,0.17,2.95,88.76,2.27
61.58,0.21,2.95,88.76,2.27
19.42,0.09,-0.00,49.73,2.09
61.27,0.20,2.95,87.88,2.25
60.58,0.19,2.95,87.88,2.21
61.27,0.20,2.95,88.76,2.25
23.55,0.00,114.80,113.54,2.18
60.87,0.21,2.95,88.76,2.22
60.58,0.19,2.95,87.88,2.21
61.27,0.14,2.95,88.76,2.25
61.27,0.14,2.95,88.76,2.25
60.87,0.20,2.95,88.76,2.22
19.42,0.09,-0.00,49.73,2.09
60.58,0.21,2.95,87.88,2.21
61.27,0.16,2.95,88.76,2.25
61.27,0.20,2.95,88.76,2.25
60.58,0.21,2.95,87.88,2.21
23.55,0.00,114.80,113.54,2.18
61.27,0.16,2.95,88.76,2.25
61.27,0.20,2.95,88.76,2.25
60.58,0.13,1.16,87.88,2.21
61.27,0.13,2.95,88.76,2.25
61.27,0.18,2.95,88.76,2.25
19.42,0.09,-0.00,49.73,2.09
61.27,0.13,2.95,88.76,2.25
60.58,0.13,1.16,87.88,2.21
61.27,0.18,2.95,88.76,2.25
59.63,0.21,1.16,87.88,2.15
59.63,0.21,1.16,87.88,2.15
19.42,0.09,-0.00,49.73,2.09
23.55,0.00,114.80,113.54,2.18
59.63,0.12,1.16,87.88,2.15
59.63,0.12,1.16,87.88,2.15
59.63,0.14,10.84,87.88,2.15
59.63,0.14,10.84,87.88,2.15
19.42,0.09,-0.11,73.36,2.09
59.63,0.13,10.84,87.88,2.15
55.22,0.13,10.84,87.88,2.05
55.22,0.18,10.84,87.88,2.05
55.22,0.18,22.43,87.88,2.05
55.22,0.18,22.43,87.88,2.05
23.55,0.00,114.80,113.54,2.18
19.42,0.09,-0.11,73.36,2.09
55.22,0.18,22.43,87.88,2.05
55.22,0.18,22.43,116.28,2.05
54.49,0.18,22.43,116.28,2.05
54.49,0.17,22.43,116.28,2.05
54.49,0.17,22.43,116.28,2.05
21.46,0.09,-0.00,73.28,2.13
54.49,0.19,22.43,116.28,2.05
54.49,0.19,22.43,116.28,2.05
54.49,0.19,22.43,116.28,2.05
23.55,0.00,114.80,113.54,2.18
53.77,0.16,22.43,116.28,2.05
21.46,0.09,-0.00,73.28,2.13
53.77,0.16,22.43,116.28,2.05
54.39,0.13,22.43,116.28,2.05
54.39,0.13,22.43,116.28,2.05
54.39,0.19,22.43,116.28,2.05
54.39,0.19,22.43,116.28,2.05
54.39,0.19,22.43,116.28,2.05
54.39,0.13,22.43,116.28,2.05
54.39,0.13,22.43,116.28,2.05
54.39,0.13,22.43,116.28,2.05
21.46,0.09,-0.00,73.28,2.13
54.39,0.14,22.43,116.28,2.05
54.39,0.14,22.43,116.28,2.05
54.39,0.14,22.43,116.28,2.05
21.46,0.09,-0.00,73.28,2.13
54.39,0.17,22.43,119.35,2.05
23.55,0.00,114.80,113.54,2.18
53.66,0.17,22.43,119.35,2.05
53.66,0.17,22.43,119.35,2.05
21.46,0.09,-0.00,73.28,2.13
53.66,0.17,19.32,119.35,2.05
53.66,0.17,19.32,119.35,2.05
53.66,0.17,19.32,119.35,2.05
53.66,0.15,19.32,119.35,2.05
51.91,0.15,19.32,119.35,2.09
51.91,0.15,19.32,119.35,2.09
21.46,0.09,0.09,75.07,2.13
51.91,0.18,19.32,119.35,2.09
23.55,0.00,114.80,113.54,2.18
51.91,0.18,14.83,119.35,2.09
21.46,0.06,0.09,75.07,2.13
51.91,0.18,14.83,119.35,2.09
51.91,0.18,14.83,119.35,2.09
2.21,0.04,14.83,119.35,1.36
35.37,0.00,114.80,113.54,2.38
21.46,0.06,-0.00,77.37,2.13
1.64,0.03,14.83,119.35,1.17
1.64,0.03,14.83,119.35,1.17
21.46,0.06,-0.00,77.37,2.13
1.64,0.03,14.83,119.35,1.17
35.37,0.00,114.80,113.54,2.38
1.64,0.03,14.83,119.35,1.17
1.64,0.03,14.83,119.35,1.17
21.46,0.06,-0.00,77.37,2.13
35.37,0.00,114.80,113.54,2.38
1.64,0.03,14.83,119.35,1.17
35.37,0.00,114.80,113.54,2.38
1.64,0.03,14.83,119.35,1.17
21.46,0.06,-0.00,77.37,2.13
1.64,0.03,14.83,119.35,1.17
21.46,0.09,0.20,80.46,2.13
35.37,0.00,114.80,113.54,2.38
1.64,0.03,14.83,119.35,1.17
1.64,0.03,14.83,119.35,1.17
21.46,0.09,0.20,80.46,2.13
35.37,0.00,114.80,113.54,2.38
4.63,0.05,14.83,119.35,1.44
21.46,0.09,0.20,80.46,2.13
4.63,0.05,14.83,119.35,1.44
4.63,0.05,14.83,119.35,1.44
21.46,0.09,0.20,80.46,2.13
4.63,0.05,14.83,119.35,1.44
4.63,0.05,14.83,119.35,1.44
21.46,0.09,0.20,80.46,2.13
4.63,0.05,14.83,119.35,1.44
21.46,0.09,-0.06,84.11,2.13
4.90,0.05,14.83,119.35,1.50
4.90,0.05,14.83,119.35,1.50
21.46,0.09,-0.06,84.11,2.13
4.90,0.05,14.83,120.05,1.50
4.90,0.05,14.83,120.05,1.50
4.90,0.05,14.83,120.05,1.50
21.46,0.09,0.35,83.02,2.13
4.90,0.05,14.83,120.05,1.50
12.01,0.08,14.83,120.05,1.91
12.01,0.08,14.83,120.05,1.91
12.01,0.08,14.83,120.05,1.91
12.01,0.08,14.83,120.05,1.91
21.46,0.09,0.35,83.02,2.13
12.01,0.07,14.83,120.05,1.91
24.76,0.10,12.55,117.84,2.20
24.76,0.10,12.55,117.84,2.20
24.76,0.10,12.55,117.84,2.20
24.76,0.10,12.55,117.84,2.20
24.76,0.10,12.55,117.84,2.20
21.46,0.09,0.35,83.02,2.13
29.46,0.11,12.55,116.30,2.30
29.46,0.11,12.55,116.30,2.30
29.46,0.11,12.55,116.30,2.30
29.46,0.11,12.55,116.30,2.30
29.46,0.12,12.55,116.30,2.30
27.80,0.10,0.35,83.02,2.26
29.46,0.12,12.55,113.88,2.30
30.38,0.12,12.55,113.88,2.31
30.38,0.12,12.55,113.88,2.31
30.38,0.12,12.55,113.88,2.31
30.38,0.12,12.55,113.88,2.31
27.80,0.10,0.35,83.02,2.26
30.38,0.11,12.55,113.88,2.31
31.33,0.12,12.55,112.36,2.33
27.80,0.12,0.80,84.69,2.26
31.33,0.12,12.55,112.36,2.33
31.33,0.12,12.55,112.36,2.33
27.80,0.12,0.80,84.69,2.26
31.33,0.12,12.55,112.36,2.33
31.33,0.12,12.55,105.57,2.33
27.80,0.12,2.95,80.86,2.26
32.87,0.12,12.55,102.46,2.35
32.87,0.12,12.55,102.46,2.35
32.87,0.12,12.55,102.46,2.35
27.80,0.12,2.95,80.86,2.26
32.87,0.12,12.55,102.46,2.35
32.87,0.12,12.55,102.46,2.35
27.80,0.12,2.95,80.86,2.26
32.87,0.13,12.55,102.46,2.35
34.55,0.14,12.55,99.18,2.37
34.55,0.14,12.55,99.18,2.37
27.80,0.12,2.95,80.86,2.26
34.55,0.14,12.55,99.18,2.37
34.55,0.14,12.55,99.18,2.37
27.80,0.12,4.11,80.79,2.26
34.55,0.14,12.55,99.18,2.37
35.89,0.14,12.55,95.66,2.38
35.89,0.14,12.55,95.66,2.38
27.80,0.12,4.11,80.79,2.26
35.89,0.14,12.55,95.66,2.38
35.89,0.14,12.55,95.66,2.38
35.89,0.14,12.55,95.66,2.38
27.80,0.12,4.11,80.79,2.26
35.89,0.14,12.55,95.66,2.38
35.89,0.14,12.55,95.66,2.38
35.89,0.14,12.55,95.66,2.38
27.80,0.12,4.11,80.79,2.26
35.89,0.15,7.70,95.66,2.38
27.80,0.11,4.11,80.79,2.26
35.89,0.15,7.70,95.66,2.38
27.80,0.11,4.11,80.79,2.26
27.80,0.11,4.11,80.79,2.26
27.80,0.11,4.11,80.79,2.26
35.89,0.15,7.70,95.66,2.38
27.80,0.12,4.11,80.79,2.26
35.89,0.15,7.70,95.66,2.38
27.80,0.12,4.11,80.79,2.26
35.89,0.15,7.70,95.66,2.38
35.89,0.13,13.28,107.94,2.38
35.89,0.13,13.28,90.07,2.38
27.80,0.12,13.28,90.07,2.26
35.89,0.13,13.28,90.07,2.38
35.89,0.13,13.28,90.07,2.38
29.44,0.12,13.28,90.07,2.30
29.44,0.12,13.28,90.07,2.30
29.44,0.12,13.28,90.07,2.30
29.44,0.12,13.28,90.07,2.30
29.44,0.12,13.28,90.07,2.30
57.77,0.00,45.99,93.39,2.18
57.77,0.00,40.95,94.74,2.18
85.22,0.00,40.90,93.47,2.54
85.22,0.00,40.90,93.47,2.54
85.22,0.00,40.90,93.47,2.54
85.22,0.00,40.90,93.47,2.54
85.22,0.00,40.90,93.47,2.54
75.93,-0.00,38.81,91.37,2.40
75.93,-0.00,38.81,91.37,2.40
75.93,-0.00,38.81,91.37,2.40
75.93,0.00,38.81,91.37,2.40
75.93,0.00,38.81,91.37,2.40
68.29,0.00,64.07,89.26,2.42
68.29,0.00,64.07,89.26,2.42
68.29,0.00,64.07,89.26,2.42
68.29,0.00,64.07,89.26,2.42
68.29,0.00,64.07,89.26,2.42
53.05,0.00,64.64,87.41,2.05
53.05,0.00,64.64,87.41,2.05
53.05,0.00,64.64,87.41,2.05
45.37,0.00,28.33,85.26,2.28
53.05,0.00,64.64,87.41,2.05
45.37,0.00,28.33,85.26,2.28
39.51,0.00,63.87,85.76,2.40
45.37,0.00,27.35,84.49,2.28
39.51,0.00,63.87,85.76,2.40
45.37,0.00,27.35,84.49,2.28
39.51,0.00,63.87,85.76,2.40
45.37,0.00,27.35,84.49,2.28
39.51,0.00,63.87,85.76,2.40
45.37,0.00,27.35,84.49,2.28
39.51,0.00,63.87,85.76,2.40
45.37,0.01,27.35,84.49,2.28
39.51,0.00,63.87,85.76,2.40
39.51,0.00,63.87,85.76,2.40
39.51,0.00,61.55,88.27,2.40
45.37,0.01,58.90,84.11,2.28
31.76,0.00,54.50,82.05,2.33
31.76,0.00,54.50,82.05,2.33
43.82,0.00,54.50,82.05,2.38
43.82,0.00,54.50,82.05,2.38
41.71,0.01,59.91,81.55,2.40
41.88,0.00,62.88,79.93,2.40
41.88,0.00,62.88,79.93,2.40
41.88,0.00,62.88,79.93,2.40
41.71,0.01,59.91,81.55,2.40
41.88,0.00,62.88,79.93,2.40
41.88,0.00,62.88,79.93,2.40
43.73,0.00,54.09,77.98,2.38
41.71,0.01,59.91,81.55,2.40
43.73,0.00,54.09,77.98,2.38
43.73,0.00,54.09,77.98,2.38
43.73,0.00,54.09,77.98,2.38
32.54,0.00,54.09,77.98,2.34
41.71,0.01,59.91,81.55,2.40
32.54,0.00,52.72,79.13,2.34
41.71,0.00,59.91,81.55,2.40
32.54,0.00,52.72,79.13,2.34
41.71,0.00,59.91,81.55,2.40
41.71,0.00,59.91,81.55,2.40
32.54,0.00,52.72,79.13,2.34
32.54,0.00,52.72,79.13,2.34
32.54,0.00,52.72,79.13,2.34
32.54,0.00,52.72,79.13,2.34
41.71,0.01,59.91,81.55,2.40
42.32,0.01,61.17,81.44,2.40
42.32,0.01,61.17,81.44,2.40
42.32,0.01,61.17,81.44,2.40
42.32,0.01,61.17,81.44,2.40
42.32,0.01,61.17,81.44,2.40
39.39,0.01,60.62,80.26,2.40
39.39,0.01,60.62,80.26,2.40
39.39,0.02,60.62,80.26,2.40
39.39,0.02,60.62,80.26,2.40
49.95,0.02,53.44,67.02,2.12
49.95,0.02,53.44,67.02,2.12
49.95,0.02,53.44,67.02,2.12
49.95,0.02,53.44,67.02,2.12
49.95,0.02,53.44,67.02,2.12
49.95,0.02,48.99,65.80,2.12
49.95,0.01,48.99,65.80,2.12
42.25,0.01,48.99,65.80,2.40
42.25,0.01,48.99,65.80,2.40
42.25,0.01,48.99,65.80,2.40
51.26,0.02,72.19,65.40,2.07
51.26,0.02,72.19,65.40,2.07
51.26,0.02,72.19,65.40,2.07
51.26,0.02,72.19,65.40,2.07
51.26,0.02,72.19,65.40,2.07
60.57,0.02,73.42,64.79,2.21
60.57,0.02,73.42,64.79,2.21
60.57,0.02,73.42,64.79,2.21
60.57,0.02,73.42,64.79,2.21
60.57,0.02,72.46,64.33,2.21
60.57,0.02,72.46,64.33,2.21
60.57,0.02,68.79,65.88,2.21
60.57,0.02,68.79,65.88,2.21
60.57,0.02,68.79,65.88,2.21
60.57,0.01,68.79,65.88,2.21
66.71,0.01,68.64,65.62,2.40
66.71,0.01,68.64,65.62,2.40
66.71,0.01,68.64,65.62,2.40
66.71,0.01,68.64,65.62,2.40
66.71,0.01,68.64,65.62,2.40
66.71,0.01,68.64,65.62,2.40
66.71,0.01,68.43,65.33,2.40
66.71,0.01,68.43,65.33,2.40
66.71,0.01,65.42,67.13,2.40
95.45,0.01,65.42,67.13,2.71
95.45,0.01,65.42,67.13,2.71
95.45,0.01,65.42,67.13,2.71
60.98,0.01,74.79,70.99,2.24
60.98,0.01,74.79,70.99,2.24
111.31,0.01,74.79,70.99,2.76
111.31,0.01,74.79,70.99,2.76
117.95,0.02,71.47,73.05,2.77
117.95,0.02,71.47,73.05,2.77
117.95,0.02,57.06,75.21,2.77
117.95,0.02,57.06,75.21,2.77
117.95,0.02,57.06,75.21,2.77
117.95,0.02,57.06,75.21,2.77
117.95,0.02,57.06,75.21,2.77
117.95,0.00,57.06,75.21,2.77
126.23,0.00,59.95,78.15,2.80
126.23,0.00,59.95,78.15,2.80
126.23,0.00,59.95,78.15,2.80
126.23,0.00,59.95,78.15,2.80
126.23,0.00,59.95,78.15,2.80
126.23,0.00,59.95,78.15,2.80
129.27,0.00,58.44,78.82,2.80
129.27,0.00,58.44,78.82,2.80
129.27,0.00,56.87,81.16,2.80
129.27,0.00,56.87,81.16,2.80
129.27,0.00,56.87,81.16,2.80
129.27,0.00,56.87,81.16,2.80
131.99,0.00,56.82,80.57,2.81
131.99,0.00,56.82,80.57,2.81
131.99,0.00,56.82,80.57,2.81
131.99,0.00,56.82,80.57,2.81
131.99,0.00,54.71,82.29,2.81
131.99,0.02,54.71,82.29,2.81
131.99,0.02,56.82,80.57,2.81
131.99,0.02,56.82,80.57,2.81
131.99,0.02,56.72,80.05,2.81
131.99,0.02,56.72,80.05,2.81
131.99,0.02,56.72,80.05,2.81
131.99,0.05,58.04,77.98,2.81
131.99,0.05,58.04,77.98,2.81
131.99,0.05,58.04,77.98,2.81
131.99,0.05,58.04,77.98,2.81
129.03,0.05,58.04,77.98,2.80
131.44,0.05,57.28,77.23,2.81
131.44,0.05,57.28,77.23,2.81
131.44,0.05,57.28,77.23,2.81
131.44,0.05,56.61,74.75,2.81
131.44,0.05,56.61,74.75,2.81
131.44,0.05,56.61,74.75,2.81
131.44,0.05,55.82,74.11,2.81
131.44,0.05,55.82,74.11,2.81
131.44,0.05,55.82,74.11,2.81
129.08,0.05,55.82,74.11,2.80
129.08,0.05,55.82,74.11,2.80
129.08,0.05,55.82,74.11,2.80
129.08,0.05,54.10,71.12,2.80
129.08,0.05,54.10,71.12,2.80
129.08,0.05,54.10,71.12,2.80
129.08,0.06,54.10,71.12,2.80
122.49,0.06,54.10,71.12,2.79
124.21,0.06,53.25,70.65,2.79
124.21,0.06,53.25,70.65,2.79
124.21,0.06,53.25,70.65,2.79
124.21,0.06,53.25,70.65,2.79
124.21,0.06,53.25,70.65,2.79
124.21,0.06,52.53,70.34,2.79
124.21,0.06,52.53,70.34,2.79
126.24,0.06,52.53,70.34,2.79
126.24,0.06,52.53,70.34,2.79
126.24,0.06,52.53,70.34,2.79
126.24,0.06,52.27,70.62,2.79
126.24,0.06,52.27,70.62,2.79
126.24,0.06,52.27,70.62,2.79
126.24,0.06,52.27,70.62,2.79
124.24,0.06,47.63,69.14,2.79
124.24,0.06,47.63,69.14,2.79
124.24,0.06,47.63,69.14,2.79
124.24,0.06,47.63,69.14,2.79
124.24,0.06,47.63,69.14,2.79
126.10,0.06,43.99,67.59,2.80
126.10,0.06,43.99,67.59,2.80
126.10,0.06,43.99,67.59,2.80
126.10,0.06,43.99,67.59,2.80
126.10,0.06,43.99,67.59,2.80
128.01,0.06,36.02,64.75,2.80
128.01,0.06,5.24,52.04,2.80
128.01,0.06,5.24,52.04,2.80
128.01,0.06,5.24,52.04,2.80
128.01,0.06,0.67,47.51,2.80
128.01,0.06,0.67,47.51,2.80
128.01,0.06,0.67,47.51,2.80
128.01,0.06,0.67,47.51,2.80
128.01,0.07,0.67,47.51,2.80
128.01,0.07,0.03,43.73,2.80
128.01,0.07,0.03,43.73,2.80
128.01,0.07,0.03,43.73,2.80
128.01,0.07,0.03,43.73,2.80
128.01,0.07,1.55,46.91,2.80
130.47,0.07,1.55,46.91,2.81
130.47,0.07,1.55,46.91,2.81
130.47,0.07,1.55,46.91,2.81
130.47,0.07,1.55,46.91,2.81
130.47,0.07,10.68,52.18,2.81
130.47,0.07,10.68,52.18,2.81
130.47,0.07,10.68,52.18,2.81
130.47,0.07,10.68,52.18,2.81
57.22,0.06,22.27,54.66,2.08
57.22,0.06,22.27,54.66,2.08
57.22,0.06,22.27,54.66,2.08
48.93,0.05,23.73,57.21,2.18
48.93,0.05,23.73,57.21,2.18
48.93,0.05,37.56,59.47,2.18
48.93,0.05,37.56,59.47,2.18
48.93,0.05,37.56,59.47,2.18
48.93,0.05,37.56,59.47,2.18
48.93,0.05,37.56,59.47,2.18
48.93,0.05,48.09,60.60,2.18
48.93,0.05,48.09,60.60,2.18
48.93,0.05,48.09,60.60,2.18
48.93,0.05,48.09,60.60,2.18
1.21,0.01,48.09,60.60,1.12
1.21,0.01,61.90,61.74,1.12
1.21,0.01,61.90,61.74,1.12
1.21,0.01,61.90,61.74,1.12
1.21,0.01,61.90,61.74,1.12
49.65,0.09,26.81,49.70,2.14
1.21,0.01,61.90,61.74,1.12
36.27,0.08,31.73,52.90,2.38
36.27,0.11,31.73,52.90,2.38
5.43,0.02,80.38,62.89,1.54
36.27,0.11,31.73,52.90,2.38
5.43,0.02,80.38,62.89,1.54
55.30,0.13,13.78,47.78,2.05
5.43,0.02,80.38,62.89,1.54
55.30,0.13,13.78,47.78,2.05
55.30,0.13,13.78,47.78,2.05
5.43,0.02,80.38,62.89,1.54
55.30,0.13,13.78,47.78,2.05
5.43,0.02,92.57,72.32,1.54
44.29,0.14,17.31,51.49,2.16
5.43,0.02,92.57,72.32,1.54
44.29,0.14,17.31,51.49,2.16
5.43,0.02,92.57,72.32,1.54
44.29,0.14,17.31,51.49,2.16
44.29,0.14,17.31,51.49,2.16
44.29,0.14,17.31,51.49,2.16
6.79,0.05,19.78,54.37,1.75
6.79,0.05,19.78,54.37,1.75
58.68,0.16,8.48,50.12,2.11
58.68,0.16,8.48,50.12,2.11
58.68,0.15,8.48,50.12,2.11
56.71,0.15,12.19,53.04,2.15
56.71,0.15,12.19,53.04,2.15
56.71,0.15,12.19,53.04,2.15
56.71,0.15,12.19,53.04,2.15
56.71,0.15,12.19,53.04,2.15
56.71,0.15,12.19,53.04,2.15
8.96,0.06,18.13,56.03,1.77
8.96,0.06,18.13,56.03,1.77
8.96,0.06,18.13,56.03,1.77
57.52,0.15,8.37,52.03,2.08
57.52,0.15,8.37,52.03,2.08
52.25,0.14,13.43,54.73,2.15
52.25,0.14,13.43,54.73,2.15
52.25,0.14,13.43,54.73,2.15
52.25,0.14,13.43,54.73,2.15
52.25,0.15,13.43,54.73,2.15
58.45,0.16,24.53,58.50,2.09
58.45,0.16,24.53,58.50,2.09
58.45,0.16,24.53,58.50,2.09
58.45,0.16,24.53,58.50,2.09
58.45,0.16,24.53,58.50,2.09
17.98,0.09,49.63,72.16,2.29
17.98,0.09,49.63,72.16,2.29
17.98,0.09,49.63,72.16,2.29
17.98,0.09,49.63,72.16,2.29
17.98,0.09,49.63,72.16,2.29
56.95,0.16,34.26,65.37,2.07
56.95,0.16,34.26,65.37,2.07
56.95,0.16,34.26,65.37,2.07
56.95,0.16,34.26,65.37,2.07
56.95,0.16,34.26,65.37,2.07
56.95,0.16,34.26,65.37,2.07
29.45,0.11,48.30,76.62,2.12
29.45,0.11,48.30,76.62,2.12
29.45,0.13,48.30,76.62,2.12
29.45,0.13,48.30,76.62,2.12
29.45,0.13,48.30,76.62,2.12
8.20,0.07,52.72,82.21,1.74
8.20,0.07,52.72,82.21,1.74
55.74,0.18,36.83,70.94,2.04
55.74,0.18,36.83,70.94,2.04
55.74,0.18,36.83,70.94,2.04
46.43,0.16,38.77,78.99,1.97
46.43,0.16,38.77,78.99,1.97
46.43,0.16,38.77,78.99,1.97
46.43,0.16,38.77,78.99,1.97
46.43,0.16,38.77,78.99,1.97
7.74,0.05,30.05,84.97,1.71
7.74,0.05,30.05,84.97,1.71
55.52,0.12,22.20,74.82,2.15
55.52,0.16,22.20,74.82,2.15
55.52,0.16,22.20,74.82,2.15
55.52,0.16,22.20,74.82,2.15
55.52,0.16,22.20,74.82,2.15
55.52,0.16,22.20,74.82,2.15
55.52,0.16,22.20,74.82,2.15
21.94,0.10,19.08,81.45,2.30
21.94,0.10,19.08,81.45,2.30
21.94,0.10,19.08,81.45,2.30
138.92,0.14,13.99,54.81,2.93
21.94,0.10,19.08,81.45,2.30
21.94,0.10,19.08,81.45,2.30
138.92,0.14,13.99,54.81,2.93
21.94,0.11,19.08,81.45,2.30
138.92,0.14,13.99,54.81,2.93
21.94,0.11,19.08,81.45,2.30
138.92,0.14,13.99,54.81,2.93
60.06,0.19,21.50,79.88,2.18
14.63,0.09,20.75,86.02,2.22
138.65,0.14,14.55,56.17,2.93
14.63,0.09,20.75,86.02,2.22
140.19,0.15,13.54,55.38,2.96
14.63,0.09,20.75,86.02,2.22
140.19,0.15,13.54,55.38,2.96
14.63,0.09,20.75,86.02,2.22
140.19,0.15,13.54,55.38,2.96
14.63,0.09,20.75,86.02,2.22
140.19,0.15,13.54,55.38,2.96
14.63,0.09,20.75,86.02,2.22
60.68,0.18,22.30,84.03,2.21
140.19,0.15,13.54,55.38,2.96
60.22,0.18,16.37,86.57,2.13
138.86,0.15,16.51,57.00,2.93
60.22,0.18,16.37,86.57,2.13
138.86,0.15,16.51,57.00,2.93
60.22,0.18,16.37,86.57,2.13
138.86,0.15,16.51,57.00,2.93
60.22,0.18,16.37,86.57,2.13
138.86,0.15,16.51,57.00,2.93
60.22,0.18,16.37,86.57,2.13
138.86,0.15,16.51,57.00,2.93
60.22,0.18,16.37,86.57,2.13
137.53,0.15,19.06,58.69,2.90
31.49,0.13,16.11,88.98,2.23
137.53,0.15,19.06,58.69,2.90
60.73,0.19,15.45,86.80,2.21
137.53,0.15,19.06,58.69,2.90
60.73,0.19,15.45,86.80,2.21
139.16,0.15,17.11,57.98,2.94
60.73,0.19,15.45,86.80,2.21
60.73,0.19,15.45,86.80,2.21
139.16,0.15,17.11,57.98,2.94
60.73,0.19,15.45,86.80,2.21
139.16,0.15,17.11,57.98,2.94
54.30,0.18,15.98,89.22,2.19
137.79,0.15,20.04,59.61,2.91
54.30,0.18,15.98,89.22,2.19
137.79,0.15,20.04,59.61,2.91
54.30,0.18,15.98,89.22,2.19
137.79,0.15,20.04,59.61,2.91
54.30,0.18,15.98,89.22,2.19
137.79,0.15,20.04,59.61,2.91
54.30,0.18,15.98,89.22,2.19
137.79,0.15,20.04,59.61,2.91
61.35,0.19,16.23,88.57,2.25
136.36,0.15,21.76,61.12,2.87
58.91,0.19,17.06,90.39,2.12
136.36,0.15,21.76,61.12,2.87
58.91,0.19,17.06,90.39,2.12
136.36,0.15,21.76,61.12,2.87
58.91,0.19,17.06,90.39,2.12
136.36,0.15,21.76,61.12,2.87
58.91,0.19,17.06,90.39,2.12
136.36,0.15,21.76,61.12,2.87
58.91,0.18,17.06,90.39,2.12
138.05,0.15,13.47,60.01,2.91
58.91,0.18,17.06,90.39,2.12
136.58,0.15,14.99,61.37,2.88
52.10,0.17,18.07,92.22,2.14
136.58,0.15,14.99,61.37,2.88
52.10,0.17,18.07,92.22,2.14
136.58,0.15,14.99,61.37,2.88
52.10,0.17,18.07,92.22,2.14
136.58,0.15,14.99,61.37,2.88
52.10,0.18,18.07,92.22,2.14
136.58,0.15,14.99,61.37,2.88
52.10,0.18,18.07,92.22,2.14
136.58,0.15,14.99,61.37,2.88
59.51,0.19,16.92,90.28,2.15
135.10,0.15,15.84,62.79,2.84
57.28,0.16,20.44,92.14,2.07
135.10,0.15,15.84,62.79,2.84
57.28,0.16,20.44,92.14,2.07
135.10,0.15,15.84,62.79,2.84
57.28,0.16,20.44,92.14,2.07
135.10,0.15,15.84,62.79,2.84
57.28,0.16,20.44,92.14,2.07
135.10,0.15,15.84,62.79,2.84
57.28,0.16,20.44,92.14,2.07
135.10,0.15,15.84,62.79,2.84
57.28,0.16,20.44,92.14,2.07
135.21,0.15,16.59,64.08,2.85
135.21,0.15,16.59,64.08,2.85
135.21,0.15,16.59,64.08,2.85
135.21,0.15,16.59,64.08,2.85
135.21,0.15,16.59,64.08,2.85
135.21,0.15,16.59,64.08,2.85
133.17,0.15,15.90,66.05,2.82
133.17,0.15,15.90,66.05,2.82
133.17,0.15,15.90,66.05,2.82
133.17,0.15,15.90,66.05,2.82
133.17,0.15,15.90,66.05,2.82
133.38,0.15,15.58,77.93,2.82
133.38,0.15,16.11,76.74,2.82
133.38,0.15,16.11,76.74,2.82
133.38,0.15,16.11,76.74,2.82
133.38,0.15,16.11,76.74,2.82
133.38,0.16,16.11,76.74,2.82
131.28,0.15,15.25,78.43,2.81
131.28,0.15,15.25,78.43,2.81
131.28,0.15,15.25,78.43,2.81
131.28,0.16,15.25,78.43,2.81
131.28,0.16,15.25,78.43,2.81
129.22,0.15,13.92,80.16,2.80
129.22,0.16,13.92,80.16,2.80
129.22,0.16,13.92,80.16,2.80
129.22,0.16,13.92,80.16,2.80
131.55,0.16,14.53,78.89,2.81
131.55,0.16,14.53,78.89,2.81
32.68,0.03,34.78,116.09,2.35
129.50,0.16,13.04,80.62,2.80
34.56,0.03,34.28,117.83,2.37
129.50,0.16,13.04,80.62,2.80
34.56,0.03,34.28,117.83,2.37
129.50,0.16,13.04,80.62,2.80
34.56,0.03,34.28,117.83,2.37
129.50,0.16,13.04,80.62,2.80
34.56,0.03,34.28,117.83,2.37
129.50,0.16,13.04,80.62,2.80
34.55,0.03,32.62,119.69,2.37
127.50,0.16,11.74,82.35,2.80
34.55,0.03,32.62,119.69,2.37
127.50,0.16,11.74,82.35,2.80
34.55,0.03,32.62,119.69,2.37
127.50,0.16,11.74,82.35,2.80
34.55,0.03,32.62,119.69,2.37
127.50,0.16,11.74,82.35,2.80
34.55,0.03,32.62,119.69,2.37
127.50,0.16,11.74,82.35,2.80
125.53,0.16,11.01,84.09,2.79
34.17,0.03,30.12,121.50,2.36
125.53,0.16,11.01,84.09,2.79
34.17,0.03,30.12,121.50,2.36
125.53,0.13,11.01,84.09,2.79
34.17,0.03,30.12,121.50,2.36
125.53,0.13,11.01,84.09,2.79
34.17,0.03,30.12,121.50,2.36
130.95,0.13,12.37,82.82,2.81
34.17,0.03,30.12,121.50,2.36
130.95,0.13,12.37,82.82,2.81
33.80,0.03,27.39,123.26,2.36
128.98,0.13,11.68,84.55,2.80
33.80,0.03,27.39,123.26,2.36
128.98,0.13,11.68,84.55,2.80
33.80,0.03,27.39,123.26,2.36
128.98,0.13,11.68,84.55,2.80
33.80,0.03,27.39,123.26,2.36
128.98,0.13,11.68,84.55,2.80
33.80,0.03,27.39,123.26,2.36
128.98,0.13,11.68,84.55,2.80
33.80,0.03,24.12,124.76,2.36
127.09,0.13,11.72,86.26,2.80
127.09,0.13,11.72,86.26,2.80
33.80,0.03,24.12,124.76,2.36
127.09,0.13,11.72,86.26,2.80
33.80,0.03,24.12,124.76,2.36
127.09,0.13,11.72,86.26,2.80
33.80,0.03,24.12,124.76,2.36
127.09,0.13,11.72,86.26,2.80
31.63,0.03,24.12,124.76,2.33
125.21,0.13,12.22,87.29,2.79
31.63,0.03,21.20,125.75,2.33
125.21,0.13,12.22,87.29,2.79
31.63,0.03,21.20,125.75,2.33
125.21,0.13,12.22,87.29,2.79
31.63,0.03,21.20,125.75,2.33
125.21,0.13,12.22,87.29,2.79
31.63,0.03,21.20,125.75,2.33
125.21,0.13,12.22,87.29,2.79
31.63,0.03,21.20,125.75,2.33
125.21,0.13,12.22,87.29,2.79
26.73,0.02,20.73,127.14,2.24
123.29,0.13,12.26,87.84,2.79
26.73,0.02,20.73,127.14,2.24
123.29,0.13,12.26,87.84,2.79
26.73,0.02,20.73,127.14,2.24
123.29,0.13,12.26,87.84,2.79
31.80,0.03,20.73,127.14,2.34
123.29,0.13,12.26,87.84,2.79
31.80,0.03,20.73,127.14,2.34
123.29,0.13,12.26,87.84,2.79
31.80,0.03,20.87,128.02,2.34
121.38,0.13,12.22,88.41,2.78
31.80,0.03,20.87,128.02,2.34
121.38,0.13,12.22,88.41,2.78
121.38,0.13,12.22,88.41,2.78
31.80,0.03,20.87,128.02,2.34
121.38,0.13,12.22,88.41,2.78
31.80,0.03,20.87,128.02,2.34
121.38,0.13,12.22,88.41,2.78
31.80,0.03,20.87,128.02,2.34
119.52,0.13,12.43,89.01,2.78
29.58,0.03,21.62,129.40,2.30
119.52,0.09,12.43,89.01,2.78
29.58,0.03,21.62,129.40,2.30
119.52,0.09,12.43,89.01,2.78
29.58,0.03,21.62,129.40,2.30
119.52,0.09,12.43,89.01,2.78
29.58,0.03,21.62,129.40,2.30
119.52,0.09,12.43,89.01,2.78
24.03,0.02,22.98,130.74,2.19
117.63,0.09,12.58,89.62,2.77
24.03,0.02,22.98,130.74,2.19
117.63,0.09,12.58,89.62,2.77
24.03,0.02,22.98,130.74,2.19
117.63,0.09,12.58,89.62,2.77
117.63,0.09,12.58,89.62,2.77
24.03,0.02,22.98,130.74,2.19
117.63,0.09,12.58,89.62,2.77
24.03,0.02,22.98,130.74,2.19
115.83,0.09,12.59,90.27,2.77
25.54,0.02,24.98,132.04,2.22
115.83,0.09,12.59,90.27,2.77
25.54,0.02,24.98,132.04,2.22
115.83,0.09,12.59,90.27,2.77
25.54,0.02,24.98,132.04,2.22
115.83,0.08,12.59,90.27,2.77
25.54,0.02,24.98,132.04,2.22
115.83,0.08,12.59,90.27,2.77
25.54,0.02,24.98,132.04,2.22
115.83,0.08,12.59,90.27,2.77
26.16,0.02,24.99,132.16,2.23
111.61,0.08,13.97,92.76,2.76
26.16,0.02,24.99,132.16,2.23
111.61,0.08,13.97,92.76,2.76
26.16,0.02,24.99,132.16,2.23
111.61,0.08,13.97,92.76,2.76
26.16,0.02,24.99,132.16,2.23
111.61,0.08,13.97,92.76,2.76
26.16,0.02,24.99,132.16,2.23
111.61,0.08,13.97,92.76,2.76
24.13,0.02,27.25,133.43,2.19
109.81,0.08,14.13,93.50,2.75
109.81,0.08,14.13,93.50,2.75
24.13,0.02,27.25,133.43,2.19
109.81,0.08,14.13,93.50,2.75
24.13,0.02,27.25,133.43,2.19
109.81,0.08,14.13,93.50,2.75
24.13,0.02,27.25,133.43,2.19
109.81,0.08,14.13,93.50,2.75
24.13,0.02,27.25,133.43,2.19
109.81,0.08,14.13,93.50,2.75
24.13,0.02,27.25,133.43,2.19
108.03,0.08,14.27,94.27,2.75
27.62,0.03,27.33,133.57,2.26
108.03,0.08,14.27,94.27,2.75
27.62,0.03,27.33,133.57,2.26
108.03,0.08,14.27,94.27,2.75
27.62,0.02,27.33,133.57,2.26
108.03,0.05,14.27,94.27,2.75
27.62,0.02,27.33,133.57,2.26
108.03,0.05,14.27,94.27,2.75
27.62,0.02,27.33,133.57,2.26
108.03,0.05,14.27,94.27,2.75
27.62,0.02,29.19,134.82,2.26
106.28,0.05,14.50,95.07,2.74
27.62,0.02,29.19,134.82,2.26
106.28,0.05,15.49,97.01,2.74
106.28,0.05,15.49,97.01,2.74
31.35,0.03,29.19,134.82,2.33
106.28,0.05,15.49,97.01,2.74
31.35,0.03,29.19,134.82,2.33
102.17,0.05,15.49,97.01,2.73
31.35,0.03,29.19,134.82,2.33
102.17,0.05,15.56,97.83,2.73
31.12,0.03,30.89,136.03,2.32
102.17,0.05,15.56,97.83,2.73
28.47,0.03,30.89,136.03,2.27
102.17,0.05,15.56,97.83,2.73
28.47,0.03,30.89,136.03,2.27
102.17,0.05,15.56,97.83,2.73
28.47,0.03,30.89,136.03,2.27
102.17,0.05,15.56,97.83,2.73
28.47,0.03,30.89,136.03,2.27
102.17,0.04,15.56,97.83,2.73
100.43,0.04,15.25,98.67,2.72
28.47,0.03,31.92,136.93,2.27
98.08,0.04,15.35,100.59,2.72
28.47,0.03,31.92,136.93,2.27
98.08,0.04,15.35,100.59,2.72
28.47,0.03,31.92,136.93,2.27
98.08,0.04,15.35,100.59,2.72
28.47,0.03,30.85,135.80,2.27
98.08,0.04,15.35,100.59,2.72
28.47,0.03,30.85,135.80,2.27
98.08,0.04,15.35,100.59,2.72
25.47,0.02,31.44,136.49,2.25
96.34,0.04,15.01,101.46,2.71
96.34,0.04,15.01,101.46,2.71
25.47,0.02,31.44,136.49,2.25
96.34,0.04,15.01,101.46,2.71
25.47,0.02,31.44,136.49,2.25
96.34,0.04,15.01,101.46,2.71
25.47,0.03,31.44,136.49,2.25
96.34,0.04,15.01,101.46,2.71
25.47,0.03,31.44,136.49,2.25
47.50,0.03,15.74,103.35,2.31
26.50,0.03,31.87,137.04,2.24
82.04,0.02,15.92,104.25,2.51
82.04,0.02,15.92,104.25,2.51
26.50,0.03,31.87,137.04,2.24
82.04,0.02,15.92,104.25,2.51
26.50,0.03,31.87,137.04,2.24
82.04,0.02,15.92,104.25,2.51
82.04,0.02,15.92,104.25,2.51
26.50,0.03,31.87,137.04,2.24
82.04,0.02,15.92,104.25,2.51
26.50,0.03,31.87,137.04,2.24
90.60,0.02,16.62,105.83,2.67
25.90,0.03,32.04,137.58,2.26
90.60,0.02,16.62,105.83,2.67
69.44,0.02,21.50,110.27,2.39
25.90,0.03,32.04,137.58,2.26
69.44,0.02,21.50,110.27,2.39
25.90,0.03,32.04,137.58,2.26
69.44,0.02,21.50,110.27,2.39
69.44,0.02,21.50,110.27,2.39
25.90,0.03,32.04,137.58,2.26
25.90,0.03,32.04,137.58,2.26
23.95,0.02,32.11,138.11,2.18
30.44,0.03,32.11,138.11,2.31
30.44,0.03,32.11,138.11,2.31
30.44,0.03,32.11,138.11,2.31
30.44,0.03,32.14,138.64,2.31
30.44,0.03,32.14,138.64,2.31
30.44,0.03,32.14,138.64,2.31
30.44,0.03,32.14,138.64,2.31
30.44,0.03,32.14,138.64,2.31
27.15,0.03,31.95,139.16,2.25
27.15,0.03,31.95,139.16,2.25
27.15,0.03,31.95,139.16,2.25
27.15,0.03,31.95,139.16,2.25
27.15,0.03,31.95,139.16,2.25
31.07,0.03,31.91,138.81,2.32
31.07,0.03,31.91,138.81,2.32
31.07,0.03,31.91,138.81,2.32
31.07,0.03,31.91,138.81,2.32
31.07,0.03,31.91,138.81,2.32
30.07,0.03,31.66,139.33,2.30
34.32,0.14,29.44,135.26,2.37
38.71,0.15,27.59,134.07,2.40
30.07,0.03,31.66,139.33,2.30
38.71,0.15,27.59,134.07,2.40
30.07,0.03,31.66,139.33,2.30
38.71,0.15,27.59,134.07,2.40
38.71,0.15,27.59,134.07,2.40
30.07,0.03,31.66,139.33,2.30
38.71,0.15,27.59,134.07,2.40
30.07,0.03,31.66,139.33,2.30
38.71,0.15,27.59,134.07,2.40
25.47,0.02,31.39,139.85,2.22
42.31,0.16,28.70,134.85,2.40
25.47,0.02,31.39,139.85,2.22
42.31,0.16,28.70,134.85,2.40
25.47,0.02,31.39,139.85,2.22
49.68,0.18,26.68,133.63,2.14
49.68,0.18,26.68,133.63,2.14
25.47,0.02,31.39,139.85,2.22
49.68,0.18,26.68,133.63,2.14
25.86,0.02,31.78,139.91,2.23
49.68,0.18,26.68,133.63,2.14
25.86,0.02,31.78,139.91,2.23
49.68,0.18,26.68,133.63,2.14
25.86,0.02,31.78,139.91,2.23
53.57,0.18,27.85,134.42,2.05
23.90,0.02,31.70,140.63,2.18
53.57,0.18,27.85,134.42,2.05
23.90,0.02,31.70,140.63,2.18
64.71,0.20,25.70,133.17,2.41
23.90,0.02,31.70,140.63,2.18
64.71,0.20,25.70,133.17,2.41
23.90,0.02,31.70,140.63,2.18
64.71,0.20,25.70,133.17,2.41
23.90,0.02,31.70,140.63,2.18
64.71,0.20,25.70,133.17,2.41
24.63,0.02,32.14,140.91,2.20
64.71,0.20,25.70,133.17,2.41
64.71,0.20,25.70,133.17,2.41
70.60,0.21,27.06,133.99,2.32
85.75,0.23,24.55,132.69,2.54
85.75,0.23,24.55,132.69,2.54
85.75,0.23,24.55,132.69,2.54
85.75,0.23,24.55,132.69,2.54
85.75,0.23,24.55,132.69,2.54
85.75,0.23,24.55,132.69,2.54
85.75,0.23,24.55,132.69,2.54
89.35,0.23,23.54,132.19,2.64
89.35,0.23,23.54,132.19,2.64
89.35,0.23,23.54,132.19,2.64
89.35,0.23,23.54,132.19,2.64
89.35,0.23,23.54,132.19,2.64
89.35,0.23,23.54,132.19,2.64
89.35,0.23,23.54,132.19,2.64
90.89,0.23,25.13,133.07,2.67
92.67,0.23,22.40,131.67,2.69
92.67,0.23,22.40,131.67,2.69
92.67,0.23,22.40,131.67,2.69
92.67,0.23,22.40,131.67,2.69
92.67,0.23,22.40,131.67,2.69
92.67,0.23,22.40,131.67,2.69
94.63,0.23,23.96,132.58,2.70
94.63,0.23,23.96,132.58,2.70
101.81,0.24,21.17,131.12,2.73
101.81,0.24,21.17,131.12,2.73
101.81,0.24,21.17,131.12,2.73
101.81,0.24,21.17,131.12,2.73
100.33,0.24,27.47,134.93,2.72
100.33,0.24,27.47,134.93,2.72
100.33,0.24,27.47,134.93,2.72
100.33,0.24,27.47,134.93,2.72
100.33,0.24,27.47,134.93,2.72
102.71,0.24,25.92,133.78,2.73
102.71,0.24,25.92,133.78,2.73
101.21,0.24,27.08,134.66,2.73
101.21,0.24,27.08,134.66,2.73
101.21,0.24,27.08,134.66,2.73
101.21,0.24,27.08,134.66,2.73
101.21,0.24,27.08,134.66,2.73
101.21,0.24,27.08,134.66,2.73
99.68,0.24,28.14,135.55,2.72
99.68,0.24,28.14,135.55,2.72
102.03,0.24,26.19,134.20,2.73
102.03,0.24,26.19,134.20,2.73
102.03,0.24,26.19,134.20,2.73
113.98,0.25,27.49,135.11,2.76
113.98,0.25,27.49,135.11,2.76
113.98,0.25,27.49,135.11,2.76
113.98,0.25,27.49,135.11,2.76
113.98,0.25,27.49,135.11,2.76
113.98,0.25,27.49,135.11,2.76
113.98,0.25,28.46,136.05,2.76
115.20,0.24,28.46,136.05,2.77
115.20,0.24,28.46,136.05,2.77
115.20,0.24,26.72,134.70,2.77
115.20,0.24,26.72,134.70,2.77
115.20,0.24,26.72,134.70,2.77
122.76,0.24,28.65,136.21,2.79
122.76,0.24,28.65,136.21,2.79
122.76,0.24,28.65,136.21,2.79
122.76,0.24,28.65,136.21,2.79
122.76,0.24,28.65,136.21,2.79
122.76,0.24,28.65,136.21,2.79
127.74,0.24,29.30,151.76,2.80
127.74,0.24,29.30,151.76,2.80
129.90,0.24,29.30,151.76,2.81
129.90,0.24,29.30,151.76,2.81
129.90,0.24,29.30,151.76,2.81
131.36,0.24,28.32,151.99,2.81
131.36,0.24,28.32,151.99,2.81
131.36,0.24,28.32,151.99,2.81
131.36,0.24,28.32,151.99,2.81
131.36,0.24,28.32,151.99,2.81
131.36,0.24,28.32,151.99,2.81
103.36,0.23,27.06,152.31,2.73
103.36,0.23,27.06,152.31,2.73
134.91,0.24,27.06,152.31,2.84
134.91,0.24,27.06,152.31,2.84
134.91,0.24,27.06,152.31,2.84
134.91,0.24,27.06,152.31,2.84
114.90,0.25,25.96,152.91,2.77
114.90,0.25,25.96,152.91,2.77
114.90,0.25,25.96,152.91,2.77
114.90,0.25,25.96,152.91,2.77
135.58,0.25,221.65,150.58,2.85
135.58,0.25,221.65,150.58,2.85
135.58,0.25,221.65,150.58,2.85
135.58,0.25,221.65,150.58,2.85
108.99,0.25,262.46,151.02,2.75
108.99,0.25,262.46,151.02,2.75
108.99,0.25,262.46,151.02,2.75
108.99,0.24,262.46,151.02,2.75
117.74,0.25,262.46,151.02,2.77
117.74,0.25,262.46,151.02,2.77
117.74,0.25,262.46,151.02,2.77
83.95,0.23,233.20,151.35,2.51
83.95,0.23,233.20,151.35,2.51
83.95,0.21,233.20,151.35,2.51
83.95,0.21,233.20,151.35,2.51
76.27,0.21,233.20,151.35,2.43
76.27,0.21,233.20,151.35,2.43
76.27,0.21,233.20,151.35,2.43
76.27,0.21,233.20,151.35,2.43
55.46,0.18,198.79,151.68,2.05
55.46,0.02,198.79,151.68,2.05
55.46,0.20,198.79,151.68,2.05
55.46,0.03,198.79,151.68,2.05
55.46,0.20,198.79,151.68,2.05
55.46,0.03,198.79,151.68,2.05
55.46,0.20,198.79,151.68,2.05
55.46,0.04,198.79,151.68,2.05
42.09,0.17,208.42,151.00,2.40
55.46,0.04,198.79,151.68,2.05
42.09,0.17,208.42,151.00,2.40
61.17,0.04,198.79,151.68,2.24
47.10,0.03,173.08,152.00,2.27
34.50,0.16,195.31,151.33,2.37
47.10,0.04,173.08,152.00,2.27
34.50,0.16,195.31,151.33,2.37
47.10,0.04,173.08,152.00,2.27
34.50,0.16,195.31,151.33,2.37
47.10,0.04,173.08,152.00,2.27
34.50,0.16,195.31,151.33,2.37
47.10,0.04,173.08,152.00,2.27
34.50,0.16,195.31,151.33,2.37
47.10,0.04,173.08,152.00,2.27
34.50,0.16,195.31,151.33,2.37
47.10,0.04,173.08,152.00,2.27
22.78,0.13,247.92,150.63,2.16
37.95,0.04,173.08,152.32,2.39
21.65,0.12,205.91,150.97,2.14
37.95,0.04,173.08,152.32,2.39
21.65,0.12,205.91,150.97,2.14
37.95,0.04,173.08,152.32,2.39
21.65,0.12,205.91,150.97,2.14
37.95,0.04,173.08,152.32,2.39
21.65,0.12,205.91,150.97,2.14
37.95,0.04,173.08,152.32,2.39
21.65,0.11,205.91,150.97,2.14
37.95,0.04,173.08,152.32,2.39
21.65,0.11,205.91,150.97,2.14
37.95,0.04,173.08,152.32,2.39
21.65,0.11,205.91,150.97,2.14
31.76,0.04,173.08,152.32,2.33
19.70,0.11,200.82,150.60,2.09
31.76,0.04,173.08,152.32,2.33
19.70,0.11,200.82,150.60,2.09
31.76,0.04,173.08,152.32,2.33
19.70,0.11,200.82,150.60,2.09
31.76,0.04,173.08,152.32,2.33
19.70,0.11,200.82,150.60,2.09
31.76,0.03,173.08,152.32,2.33
31.76,0.03,173.08,152.32,2.33
19.70,0.11,200.82,150.60,2.09
31.76,0.03,173.08,152.32,2.33
24.60,0.03,173.08,152.32,2.20
19.70,0.11,200.82,150.60,2.09
24.60,0.03,173.08,152.32,2.20
24.60,0.03,173.08,152.32,2.20
19.70,0.10,200.82,150.60,2.09
21.93,0.03,173.08,152.32,2.14
21.93,0.03,173.08,152.32,2.14
24.43,0.11,185.06,150.94,2.19
15.76,0.02,173.08,153.63,2.01
15.76,0.02,173.08,153.63,2.01
24.43,0.11,185.06,150.94,2.19
15.76,0.02,173.08,153.63,2.01
22.33,0.11,191.97,150.18,2.15
15.76,0.02,173.08,153.63,2.01
15.76,0.02,24.95,150.76,2.01
22.33,0.11,191.97,150.18,2.15
15.76,0.02,24.95,150.76,2.01
9.91,0.02,24.79,150.76,1.83
22.33,0.11,191.97,150.18,2.15
9.91,0.02,22.64,150.76,1.83
9.91,0.02,22.64,150.76,1.83
22.33,0.11,191.97,150.18,2.15
9.91,0.03,22.64,150.76,1.83
22.33,0.11,191.97,150.18,2.15
8.09,0.03,22.64,150.76,1.73
24.67,0.12,165.08,150.56,2.20
8.09,0.03,22.64,150.76,1.73
24.67,0.12,165.08,150.56,2.20
8.09,0.03,22.64,150.76,1.73
24.67,0.12,165.08,150.56,2.20
5.45,0.02,22.64,150.76,1.54
24.67,0.04,165.08,150.56,2.20
5.45,0.02,22.64,150.76,1.54
24.67,0.04,165.08,150.56,2.20
5.45,0.02,22.64,150.76,1.54
24.67,0.04,165.08,150.56,2.20
5.45,0.02,22.64,150.76,1.54
6.90,0.02,22.64,150.76,1.65
25.41,0.04,165.08,150.90,2.22
6.90,0.02,22.64,150.76,1.65
25.41,0.04,165.08,150.90,2.22
6.90,0.02,22.64,150.76,1.65
6.90,0.02,22.64,150.76,1.65
6.90,0.02,22.64,150.76,1.65
6.90,0.02,22.64,150.76,1.65
9.54,0.03,22.64,150.76,1.81
9.54,0.03,22.64,150.76,1.81
9.54,0.03,22.64,150.76,1.81
9.54,0.03,22.64,150.76,1.81
9.54,0.03,22.64,150.76,1.81
12.02,0.03,22.64,150.76,1.91
12.02,0.03,22.64,150.76,1.91
12.02,0.03,22.64,150.76,1.91
12.02,0.03,22.64,57.71,1.91
12.02,0.03,22.64,57.71,1.91
6.02,0.02,22.64,57.71,1.59
8.64,0.03,22.64,57.71,1.76
8.64,0.03,22.64,57.71,1.76
8.64,0.03,22.64,57.71,1.76
8.64,0.03,22.64,57.71,1.76
8.64,0.03,22.64,57.71,1.76
30.11,0.06,22.64,57.71,2.31
30.11,0.06,22.64,57.71,2.31
30.11,0.06,22.64,57.71,2.31
30.11,0.06,22.64,57.71,2.31
30.11,0.06,22.64,57.71,2.31
102.42,0.04,22.22,477.42,2.73
102.42,0.12,22.22,477.42,2.73
102.42,0.04,22.22,477.42,2.73
102.42,0.12,22.88,477.42,2.73
58.06,0.09,22.64,57.71,2.10
99.94,0.04,22.22,477.42,2.72
100.32,0.12,22.88,477.42,2.72
99.94,0.04,22.22,477.42,2.72
100.69,0.12,22.88,477.42,2.72
99.94,0.04,22.22,477.42,2.72
58.06,0.09,22.64,57.71,2.10
100.69,0.12,22.88,477.42,2.72
99.94,0.04,22.22,477.42,2.72
100.69,0.12,22.88,477.42,2.72
99.94,0.04,22.22,477.42,2.72
58.06,0.09,11.83,57.71,2.10
99.94,0.06,22.22,477.42,2.72
99.56,0.06,22.22,477.42,2.72
100.69,0.13,22.88,477.42,2.72
99.56,0.06,22.22,477.42,2.72
99.56,0.06,22.22,191.34,2.72
99.56,0.06,22.22,102.95,2.72
100.69,0.13,22.88,615.01,2.72
99.56,0.06,22.22,102.95,2.72
99.16,0.06,22.22,102.95,2.72
58.06,0.09,11.83,57.71,2.10
99.16,0.06,22.22,102.95,2.72
100.69,0.13,22.88,615.01,2.72
99.16,0.06,22.22,102.95,2.72
99.16,0.06,22.22,102.95,2.72
99.16,0.07,22.22,102.95,2.72
99.16,0.06,22.22,102.95,2.72
99.16,0.06,22.22,102.95,2.72
96.52,0.06,22.22,102.95,2.71
96.52,0.04,22.22,102.95,2.71
101.04,0.13,22.88,615.01,2.72
96.52,0.04,22.22,102.95,2.71
58.06,0.09,11.83,57.71,2.10
96.52,0.04,22.22,102.95,2.71
101.04,0.13,22.88,615.01,2.72
96.04,0.04,11.83,102.95,2.71
96.04,0.04,11.83,102.95,2.71
101.04,0.13,22.88,615.01,2.72
96.04,0.04,11.83,102.95,2.71
58.06,0.09,11.83,57.71,2.10
96.04,0.04,11.83,102.95,2.71
101.04,0.13,22.88,615.01,2.72
96.04,0.01,11.83,102.95,2.71
99.03,0.13,22.88,615.01,2.72
95.58,0.01,11.83,102.95,2.71
84.87,0.11,11.83,57.71,2.53
99.03,0.13,22.88,726.73,2.72
95.58,0.01,11.83,102.95,2.71
99.41,0.13,22.88,726.73,2.72
95.58,0.00,11.83,102.95,2.71
84.87,0.11,11.83,57.71,2.53
99.41,0.13,22.88,726.73,2.72
95.58,0.00,11.83,102.95,2.71
99.41,0.13,22.88,726.73,2.72
95.58,0.00,11.83,102.95,2.71
84.87,0.11,11.83,57.71,2.53
99.41,0.13,22.88,726.73,2.72
95.58,0.00,11.83,102.95,2.71
99.41,0.11,22.88,726.73,2.72
99.41,0.12,22.88,726.73,2.72
95.58,0.00,11.83,102.95,2.71
99.78,0.12,22.88,726.73,2.72
99.78,0.12,22.88,726.73,2.72
84.87,0.11,11.83,57.71,2.53
99.78,0.12,22.88,726.73,2.72
99.78,0.12,22.88,726.73,2.72
95.58,0.00,11.83,102.95,2.71
99.78,0.12,22.88,726.73,2.72
105.27,0.12,22.88,509.78,2.74
105.27,0.12,22.88,509.78,2.74
86.84,0.11,11.83,57.71,2.58
105.27,0.12,22.88,509.78,2.74
91.91,0.00,11.83,102.95,2.69
105.27,0.12,22.88,509.78,2.74
105.27,0.12,22.88,509.78,2.74
105.64,0.13,22.88,662.61,2.74
105.64,0.13,22.88,662.61,2.74
86.84,0.11,11.83,57.71,2.58
91.91,0.00,11.83,102.95,2.69
103.71,0.13,22.88,665.19,2.73
103.71,0.13,22.88,665.19,2.73
103.71,0.13,22.88,665.19,2.73
87.79,0.11,11.83,57.71,2.60
104.05,0.13,22.88,665.19,2.73
91.91,0.00,11.83,102.95,2.69
104.05,0.13,22.88,665.19,2.73
104.05,0.13,22.88,665.19,2.73
104.05,0.14,22.88,665.19,2.73
91.91,0.00,11.83,102.95,2.69
87.79,0.12,11.83,57.71,2.60
104.05,0.14,22.66,665.19,2.73
104.05,0.14,22.66,665.19,2.73
104.40,0.14,22.66,665.19,2.74
104.40,0.14,22.66,665.19,2.74
91.91,0.00,11.83,94.56,2.69
87.79,0.12,11.83,57.71,2.60
104.40,0.14,22.66,665.19,2.74
104.40,0.14,22.66,665.19,2.74
104.40,0.14,22.66,665.19,2.74
91.91,0.00,11.83,94.56,2.69
104.73,0.14,22.66,665.19,2.74
87.79,0.12,11.83,57.71,2.60
104.73,0.14,22.66,665.19,2.74
104.73,0.14,22.66,665.19,2.74
104.73,0.14,22.66,665.19,2.74
104.73,0.14,22.66,665.19,2.74
91.91,0.00,11.83,94.56,2.69
104.73,0.14,22.66,665.19,2.74
87.79,0.12,11.83,57.71,2.60
103.31,0.14,22.66,665.19,2.73
103.31,0.14,22.66,665.19,2.73
103.31,0.14,22.66,665.19,2.73
103.31,0.14,22.66,665.19,2.73
86.03,0.12,11.83,57.71,2.55
103.31,0.16,22.66,665.39,2.73
103.66,0.16,22.66,665.39,2.73
86.03,0.12,11.83,57.71,2.55
103.66,0.15,22.66,665.39,2.73
103.66,0.15,22.66,665.39,2.73
103.66,0.15,22.66,665.39,2.73
103.66,0.15,22.66,665.39,2.73
103.66,0.15,22.66,665.39,2.73
103.66,0.15,22.66,665.39,2.73
103.66,0.15,22.66,665.39,2.73
86.03,0.12,11.83,57.71,2.55
102.32,0.15,22.66,665.39,2.73
102.32,0.15,22.57,665.39,2.73
102.69,0.15,22.57,665.39,2.73
102.69,0.18,22.57,665.39,2.73
102.69,0.18,22.57,665.39,2.73
102.69,0.18,22.57,665.39,2.73
102.69,0.18,22.57,665.39,2.73
102.69,0.18,22.57,661.76,2.73
102.69,0.18,22.57,661.76,2.73
102.69,0.18,22.57,661.76,2.73
102.69,0.18,39.85,661.76,2.73
101.40,0.18,39.85,661.76,2.73
101.40,0.18,39.85,661.76,2.73
101.40,0.18,39.85,661.76,2.73
101.40,0.18,39.85,661.76,2.73
107.15,0.19,39.85,766.63,2.74
107.15,0.19,39.85,766.63,2.74
107.15,0.19,39.85,766.63,2.74
107.15,0.19,39.85,766.63,2.74
107.15,0.19,39.85,766.63,2.74
107.15,0.17,39.85,766.63,2.74
107.15,0.17,39.85,766.63,2.74
105.93,0.17,39.85,766.63,2.74
105.93,0.17,39.85,766.63,2.74
105.93,0.18,39.85,766.63,2.74
105.93,0.18,39.85,766.63,2.74
106.34,0.18,39.85,766.63,2.74
106.34,0.18,39.85,766.63,2.74
106.34,0.18,39.85,766.63,2.74
106.34,0.18,39.85,766.63,2.74
106.34,0.18,39.85,766.63,2.74
106.34,0.18,39.85,766.63,2.74
106.34,0.18,39.85,766.63,2.74
106.34,0.18,39.85,766.63,2.74
105.19,0.18,39.85,766.63,2.74
105.19,0.18,39.85,766.63,2.74
105.19,0.18,39.85,766.63,2.74
105.19,0.18,39.85,766.63,2.74
105.19,0.19,39.85,766.63,2.74
105.19,0.19,39.85,766.63,2.74
105.19,0.19,39.85,766.63,2.74
105.19,0.20,39.85,766.63,2.74
104.54,0.20,39.85,766.63,2.74
104.54,0.20,39.85,766.63,2.74
104.54,0.20,39.85,766.63,2.74
104.54,0.20,39.85,766.63,2.74
104.54,0.20,39.85,766.63,2.74
104.54,0.21,39.85,766.63,2.74
104.96,0.21,39.85,766.63,2.74
104.96,0.21,39.85,766.63,2.74
104.96,0.21,39.85,766.63,2.74
104.96,0.21,39.85,766.63,2.74
104.96,0.21,39.85,1676.22,2.74
104.96,0.21,39.85,1676.22,2.74
104.96,0.21,39.85,1676.22,2.74
104.96,0.21,39.85,1676.22,2.74
103.98,0.21,39.85,1676.22,2.73
103.98,0.11,39.85,1660.72,2.73
103.98,0.11,39.85,1660.72,2.73
103.98,0.20,39.85,1660.72,2.73
103.98,0.20,39.85,1660.72,2.73
103.98,0.20,39.85,1660.72,2.73
103.98,0.20,39.85,1660.72,2.73
103.98,0.20,39.85,1660.72,2.73
103.06,0.20,39.85,1820.70,2.73
103.06,0.20,39.85,1820.70,2.73
103.06,0.20,39.85,1820.70,2.73
103.06,0.20,39.85,1820.70,2.73
103.06,0.20,39.85,1820.70,2.73
103.06,0.21,39.85,1820.70,2.73
103.06,0.21,39.85,1820.70,2.73
101.67,0.21,39.85,1820.70,2.73
101.67,0.21,39.85,1820.70,2.73
101.67,0.21,39.85,1820.70,2.73
105.79,0.21,22.79,1820.70,2.74
105.79,0.21,22.79,1820.70,2.74
105.79,0.21,22.79,1820.70,2.74
105.79,0.21,22.79,1820.70,2.74
106.29,0.21,22.79,1820.70,2.74
106.29,0.21,22.79,1820.70,2.74
106.29,0.21,22.79,1820.70,2.74
106.29,0.21,22.79,1820.70,2.74
106.29,0.21,22.79,1820.70,2.74
106.29,0.21,22.79,1820.70,2.74
106.79,0.21,22.79,1820.70,2.74
106.79,0.21,22.79,1820.70,2.74
106.79,0.21,22.79,1820.70,2.74
106.79,0.20,22.79,1820.70,2.74
106.79,0.20,22.79,1820.70,2.74
106.79,0.20,22.79,1820.70,2.74
106.28,0.20,22.79,1820.70,2.74
106.28,0.20,22.79,1820.70,2.74
106.28,0.20,22.79,1820.70,2.74
106.28,0.20,22.79,1820.70,2.74
106.28,0.20,22.79,1820.70,2.74
106.79,0.20,22.79,1820.70,2.74
106.79,0.19,22.79,1820.70,2.74
106.79,0.19,22.79,1820.70,2.74
106.79,0.19,22.79,1820.70,2.74
106.79,0.19,22.79,1820.70,2.74
106.79,0.18,22.79,1820.70,2.74
106.79,0.18,22.79,1820.70,2.74
106.34,0.18,22.79,1820.70,2.74
106.87,0.16,32.62,1820.70,2.74
106.87,0.16,32.62,1820.70,2.74
106.87,0.20,32.62,1820.70,2.74
106.34,0.18,22.79,1820.70,2.74
106.87,0.16,32.62,1820.70,2.74
106.34,0.16,32.62,1820.70,2.74
106.34,0.18,22.79,1820.70,2.74
106.34,0.16,32.62,1820.70,2.74
106.87,0.20,32.62,1820.70,2.74
107.41,0.20,32.62,1820.70,2.74
107.41,0.20,32.62,1820.70,2.74
107.41,0.20,32.62,1820.70,2.74
107.41,0.20,32.62,1820.70,2.74
107.41,0.20,32.62,1820.70,2.74
107.41,0.23,32.62,1820.70,2.74
107.41,0.23,32.62,1820.70,2.74
107.41,0.23,32.62,1820.70,2.74
106.48,0.23,32.62,1820.70,2.74
106.48,0.23,32.62,1820.70,2.74
105.89,0.23,32.62,1820.70,2.74
105.89,0.23,32.62,1820.70,2.74
105.89,0.22,32.62,1820.70,2.74
20.44,0.05,91.66,102.40,2.11
20.44,0.04,91.66,102.40,2.11
20.44,0.04,91.66,75.47,2.11
18.24,0.04,91.66,78.82,2.06
18.24,0.04,91.66,78.82,2.06
18.24,0.04,91.66,78.82,2.06
18.24,0.04,91.66,78.82,2.06
105.89,0.22,32.62,1820.70,2.74
18.24,0.04,91.66,78.82,2.06
16.62,0.04,91.66,78.82,2.03
16.62,0.04,12.11,78.82,2.03
16.62,0.03,12.11,78.82,2.03
16.62,0.03,12.11,78.82,2.03
16.62,0.03,12.11,78.82,2.03
105.89,0.22,32.62,1820.70,2.74
15.13,0.03,12.11,78.82,1.99
15.13,0.03,12.11,78.82,1.99
15.13,0.03,12.11,78.82,1.99
15.13,0.03,12.11,78.82,1.99
15.13,0.03,12.11,78.82,1.99
105.89,0.22,32.62,1820.70,2.74
13.72,0.03,12.11,78.82,1.96
13.72,0.03,12.11,78.82,1.96
13.72,0.03,12.11,78.82,1.96
13.72,0.03,12.11,78.82,1.96
8.47,0.01,23.83,93.11,1.75
105.89,0.22,32.62,1820.70,2.74
13.72,0.03,12.11,78.82,1.96
8.47,0.04,23.83,93.11,1.75
12.13,0.02,12.11,78.82,1.91
12.13,0.02,12.11,78.82,1.91
12.13,0.02,0.01,78.82,1.91
9.44,0.04,23.83,93.11,1.81
12.13,0.02,0.01,78.82,1.91
12.13,0.04,0.01,78.82,1.91
105.89,0.23,32.62,1820.70,2.74
12.13,0.04,0.01,78.82,1.91
9.44,0.04,23.83,93.11,1.81
11.40,0.04,7.44,78.82,1.89
11.40,0.04,7.44,78.82,1.89
11.40,0.03,7.44,78.82,1.89
11.40,0.03,7.44,78.82,1.89
11.40,0.03,7.44,78.82,1.89
8.03,0.03,7.44,78.82,1.73
9.15,0.04,23.83,93.11,1.79
7.07,0.03,7.44,78.82,1.66
7.07,0.03,7.44,78.82,1.66
7.07,0.02,7.44,78.82,1.66
7.07,0.02,7.44,78.82,1.66
6.29,0.02,7.44,78.82,1.61
6.29,0.02,7.44,78.82,1.61
6.29,0.02,7.44,78.82,1.61
6.29,0.02,7.44,78.82,1.61
6.29,0.02,22.91,78.82,1.61
5.49,0.02,22.91,91.76,1.55
5.49,0.02,22.91,91.76,1.55
5.49,0.02,22.91,91.76,1.55
5.49,0.02,22.91,91.76,1.55
5.49,0.02,22.91,91.76,1.55
5.49,0.02,22.91,91.76,1.55
4.97,0.02,22.91,91.76,1.51
4.97,0.02,22.91,91.76,1.51
4.97,0.02,22.91,91.76,1.51
105.34,0.23,32.62,1820.70,2.74
4.97,0.02,22.91,91.76,1.51
9.15,0.04,23.83,93.11,1.79
4.97,0.02,22.91,91.76,1.51
4.95,0.02,22.91,91.76,1.51
4.95,0.02,22.91,91.76,1.51
4.95,0.02,23.83,91.76,1.51
4.95,0.02,23.83,91.76,1.51
9.15,0.04,23.83,93.11,1.79
4.95,0.02,23.83,91.76,1.51
5.31,0.02,23.83,91.76,1.53
5.31,0.02,23.83,91.76,1.53
5.31,0.02,23.83,91.76,1.53
5.31,0.02,23.83,91.76,1.53
9.15,0.04,23.83,93.11,1.79
105.34,0.23,32.62,1820.70,2.74
5.31,0.02,23.83,91.76,1.53
5.31,0.02,23.83,91.76,1.53
10.14,0.04,23.83,93.11,1.84
6.25,0.02,23.83,91.76,1.60
6.25,0.02,23.83,91.76,1.60
6.25,0.02,23.83,91.76,1.60
10.14,0.04,23.83,93.11,1.84
6.25,0.02,23.83,98.33,1.60
105.34,0.23,32.62,1820.70,2.74
6.25,0.02,23.83,98.33,1.60
7.21,0.02,23.83,98.33,1.67
10.14,0.04,23.83,93.11,1.84
7.21,0.02,23.83,98.33,1.67
7.21,0.02,23.83,93.11,1.67
10.14,0.04,23.83,93.11,1.84
7.21,0.02,23.83,93.11,1.67
105.34,0.23,32.62,1820.70,2.74
7.21,0.02,23.83,93.11,1.67
10.14,0.04,23.83,93.11,1.84
9.86,0.04,23.83,93.11,1.83
104.86,0.23,32.62,1820.70,2.74
10.88,0.04,23.83,93.11,1.87
10.88,0.04,24.52,93.11,1.87
104.86,0.24,32.62,1820.70,2.74
10.88,0.04,24.52,93.11,1.87
10.88,0.04,24.52,93.11,1.87
104.86,0.24,32.62,1820.70,2.74
10.88,0.05,24.52,90.41,1.87
10.88,0.05,24.52,90.41,1.87
11.99,0.05,25.31,90.41,1.91
104.86,0.24,38.95,1820.70,2.74
11.99,0.05,25.31,90.41,1.91
11.99,0.05,25.31,90.41,1.91
11.99,0.05,25.31,89.66,1.91
103.83,0.26,38.95,1820.70,2.73
11.67,0.05,25.31,89.66,1.90
12.74,0.05,26.07,89.66,1.94
12.74,0.05,3.44,89.66,1.94
103.83,0.26,38.95,1820.70,2.73
12.74,0.05,3.44,89.66,1.94
12.74,0.05,3.44,91.02,1.94
12.74,0.05,3.44,91.02,1.94
104.60,0.26,38.95,1820.70,2.74
12.74,0.05,3.44,91.02,1.94
13.78,0.06,3.44,91.02,1.96
13.78,0.06,3.44,91.02,1.96
104.60,0.26,38.95,1820.70,2.74
13.78,0.06,3.44,85.54,1.96
13.78,0.06,3.44,85.54,1.96
28.22,0.05,32.70,563.64,2.27
27.12,0.09,19.80,563.64,2.25
13.78,0.06,3.44,85.54,1.96
103.63,0.26,38.95,1820.70,2.73
14.46,0.06,3.44,85.54,1.98
28.22,0.05,32.70,563.64,2.27
14.46,0.06,3.44,85.54,1.98
27.12,0.09,19.80,563.64,2.25
14.46,0.06,3.44,55.57,1.98
29.01,0.11,32.70,563.64,2.29
29.01,0.05,32.70,563.64,2.29
21.94,0.05,2.14,489.06,2.14
21.94,0.02,2.14,489.06,2.14
14.46,0.06,3.44,55.57,1.98
28.22,0.05,32.70,563.64,2.27
29.01,0.11,32.70,563.64,2.29
14.46,0.06,3.44,55.57,1.98
27.12,0.09,19.80,563.64,2.25
103.63,0.26,38.95,1820.70,2.73
29.01,0.05,32.70,563.64,2.29
15.43,0.06,0.50,55.57,2.00
21.94,0.05,2.14,489.06,2.14
28.22,0.10,32.70,563.64,2.27
28.22,0.05,32.70,563.64,2.27
21.94,0.02,2.14,489.06,2.14
15.43,0.06,0.50,55.57,2.00
28.22,0.10,32.70,563.64,2.27
29.01,0.05,32.70,558.52,2.29
21.94,0.07,2.14,489.06,2.14
15.43,0.06,0.50,55.57,2.00
27.12,0.09,19.80,563.64,2.25
21.94,0.07,2.14,489.06,2.14
15.43,0.06,0.50,49.05,2.00
23.97,0.02,2.14,489.06,2.19
15.43,0.06,0.50,49.05,2.00
21.94,0.07,2.14,489.06,2.14
103.63,0.26,38.95,1820.70,2.73
29.01,0.03,32.70,558.52,2.29
15.43,0.06,0.50,49.05,2.00
22.88,0.07,2.14,489.06,2.16
27.12,0.09,19.80,563.64,2.25
16.56,0.06,0.50,49.05,2.03
22.88,0.07,2.14,383.13,2.16
24.96,0.02,2.14,489.06,2.21
16.56,0.06,0.50,49.05,2.03
22.88,0.07,2.14,383.13,2.16
16.56,0.06,0.50,403.95,2.03
22.88,0.07,2.14,383.13,2.16
16.56,0.06,0.50,403.95,2.03
27.12,0.09,19.80,563.64,2.25
103.63,0.25,38.95,1820.70,2.73
20.02,0.07,2.14,383.13,2.10
29.01,0.03,32.70,558.52,2.29
24.96,0.05,2.14,489.06,2.21
16.56,0.06,0.50,403.95,2.03
20.02,0.07,2.14,383.13,2.10
17.71,0.06,0.50,379.07,2.05
17.71,0.06,0.50,379.07,2.05
20.02,0.07,2.14,383.13,2.10
17.71,0.06,0.50,379.07,2.05
24.96,0.05,2.14,489.06,2.21
27.12,0.08,19.80,563.64,2.25
20.02,0.06,0.50,383.13,2.10
17.71,0.06,0.50,379.07,2.05
17.71,0.06,0.50,379.07,2.05
20.02,0.06,0.50,379.07,2.10
17.71,0.06,0.50,379.07,2.05
103.63,0.25,38.95,1820.70,2.73
29.01,0.03,32.70,558.52,2.29
20.02,0.06,0.50,379.07,2.10
18.87,0.06,0.50,379.07,2.08
25.88,0.05,2.14,489.06,2.23
18.50,0.04,0.50,379.07,2.07
18.50,0.06,0.50,379.07,2.07
25.88,0.08,19.80,563.64,2.23
18.50,0.04,0.50,379.07,2.07
18.50,0.06,0.50,379.07,2.07
18.50,0.04,0.50,379.07,2.07
25.88,0.05,2.14,563.64,2.23
25.88,0.08,2.14,563.64,2.23
25.88,0.07,2.14,563.64,2.23
25.97,0.03,32.70,558.52,2.21
102.60,0.25,38.95,1820.70,2.73
25.88,0.07,2.14,563.64,2.23
25.88,0.07,2.14,563.64,2.23
25.88,0.07,2.14,563.64,2.23
25.88,0.07,2.14,563.64,2.23
25.97,0.04,32.70,558.52,2.21
102.60,0.25,38.95,1820.70,2.73
44.82,0.11,103.01,203.11,2.36
44.82,0.12,103.01,203.11,2.36
44.82,0.15,103.01,203.11,2.36
44.82,0.15,103.01,203.11,2.36
44.82,0.15,103.01,203.11,2.36
44.70,0.15,18.82,163.27,2.36
25.97,0.04,32.70,558.52,2.21
44.82,0.13,103.01,203.11,2.36
101.19,0.25,38.95,1763.92,2.73
44.70,0.12,18.82,163.27,2.36
25.97,0.04,32.70,558.52,2.21
44.70,0.12,18.82,163.27,2.36
101.19,0.25,38.95,1763.92,2.73
47.15,0.14,12.17,176.74,2.27
47.15,0.12,12.17,176.74,2.27
47.15,0.14,12.17,176.74,2.27
25.97,0.04,32.70,577.23,2.21
47.15,0.14,12.17,176.74,2.27
47.15,0.12,12.17,176.74,2.27
44.82,0.13,103.01,203.11,2.36
47.15,0.14,12.17,176.74,2.27
48.86,0.12,12.17,314.99,2.18
47.15,0.19,12.17,116.87,2.27
48.86,0.16,12.17,314.99,2.18
48.86,0.16,12.17,314.99,2.18
44.70,0.12,18.82,159.25,2.36
48.86,0.16,12.17,314.99,2.18
48.86,0.16,12.17,314.99,2.18
100.20,0.25,38.95,1763.92,2.72
22.85,0.04,32.70,577.23,2.16
44.81,0.19,12.17,116.87,2.36
44.81,0.19,12.17,116.87,2.36
48.86,0.09,12.17,314.99,2.18
44.70,0.12,18.82,159.25,2.36
44.82,0.13,103.01,263.41,2.36
22.85,0.04,32.70,577.23,2.16
100.20,0.25,38.95,1763.92,2.72
44.81,0.19,12.17,116.87,2.36
44.81,0.12,12.17,116.87,2.36
44.81,0.12,18.82,116.87,2.36
44.70,0.12,18.82,159.25,2.36
22.85,0.04,32.70,577.23,2.16
100.20,0.25,38.95,1763.92,2.72
44.82,0.13,103.01,263.41,2.36
48.86,0.09,12.17,314.99,2.18
22.85,0.04,32.70,577.23,2.16
100.20,0.25,49.96,1763.92,2.72
22.85,0.04,32.70,577.23,2.16
40.62,0.12,103.01,263.41,2.40
49.95,0.09,15.24,567.40,2.12
99.21,0.25,49.96,1763.92,2.72
22.43,0.04,32.70,577.23,2.15
22.43,0.04,32.70,564.85,2.15
99.21,0.22,49.96,1763.92,2.72
40.62,0.12,103.01,266.82,2.40
49.95,0.09,15.24,567.40,2.12
22.43,0.04,32.70,564.85,2.15
40.62,0.13,103.01,266.82,2.40
99.21,0.22,49.96,1763.92,2.72
40.62,0.13,103.01,266.82,2.40
22.49,0.04,32.70,564.85,2.15
40.62,0.13,103.01,266.82,2.40
49.95,0.09,15.24,567.40,2.12
22.49,0.07,32.70,564.85,2.15
99.21,0.22,49.96,1763.92,2.72
40.62,0.14,103.01,266.82,2.40
22.49,0.07,32.70,564.85,2.15
22.49,0.07,32.70,564.85,2.15
40.62,0.14,103.01,412.90,2.40
22.49,0.07,32.70,564.85,2.15
25.70,0.10,32.70,564.85,2.22
98.19,0.22,49.96,1763.92,2.72
25.70,0.10,32.70,564.85,2.22
23.69,0.07,32.70,564.85,2.18
40.62,0.14,103.01,412.90,2.40
23.69,0.10,32.70,564.85,2.18
23.69,0.10,32.70,564.85,2.18
23.69,0.10,32.70,564.85,2.18
25.70,0.08,32.70,564.85,2.22
23.69,0.10,32.70,564.85,2.18
49.16,0.07,17.85,602.85,2.16
25.70,0.08,32.70,564.85,2.22
37.68,0.14,103.01,412.90,2.39
25.70,0.08,32.70,564.85,2.22
37.68,0.14,103.01,412.90,2.39
96.58,0.22,49.96,1763.92,2.71
25.70,0.08,32.70,564.85,2.22
25.70,0.08,32.70,564.85,2.22
37.68,0.15,103.01,412.90,2.39
49.16,0.07,17.85,602.85,2.16
26.23,0.08,32.70,564.85,2.23
26.23,0.10,32.70,564.85,2.23
96.58,0.22,49.96,1763.92,2.71
37.68,0.15,103.01,412.90,2.39
26.23,0.10,32.70,294.75,2.23
26.23,0.10,32.70,294.75,2.23
37.68,0.15,103.01,412.90,2.39
49.16,0.07,17.85,602.85,2.16
26.23,0.10,30.47,294.75,2.23
96.58,0.22,49.96,1763.92,2.71
37.68,0.15,103.01,390.43,2.39
28.14,0.07,30.47,294.75,2.27
28.14,0.07,30.47,294.75,2.27
34.45,0.13,103.01,390.43,2.37
95.58,0.22,49.96,1763.92,2.71
28.14,0.07,30.47,294.75,2.27
48.39,0.05,19.41,625.83,2.20
34.45,0.13,103.01,390.43,2.37
28.14,0.07,30.47,294.75,2.27
95.58,0.22,49.96,1763.92,2.71
28.14,0.07,30.47,294.75,2.27
34.45,0.13,103.01,390.43,2.37
28.14,0.08,30.47,294.75,2.27
48.39,0.05,19.41,625.83,2.20
28.14,0.08,30.47,294.75,2.27
95.58,0.22,49.96,1763.92,2.71
34.45,0.13,103.01,390.43,2.37
28.73,0.08,133.39,428.03,2.28
95.58,0.20,49.96,1763.92,2.71
34.45,0.13,103.01,363.15,2.37
28.73,0.08,133.39,428.03,2.28
94.47,0.20,49.96,1763.92,2.70
34.45,0.12,103.01,363.15,2.37
28.73,0.08,133.39,428.03,2.28
49.78,0.05,24.48,655.19,2.13
94.47,0.20,49.96,1763.92,2.70
31.12,0.11,103.01,363.15,2.32
28.73,0.07,133.39,428.03,2.28
94.47,0.20,49.96,1763.92,2.70
31.12,0.11,103.01,363.15,2.32
94.47,0.20,49.96,778.25,2.70
28.73,0.07,133.39,428.03,2.28
31.12,0.11,103.01,363.15,2.32
92.63,0.24,49.96,778.25,2.69
49.78,0.07,24.48,655.19,2.13
28.73,0.07,133.39,428.03,2.28
31.12,0.10,103.01,363.15,2.32
92.63,0.24,49.96,778.25,2.69
31.12,0.10,103.01,428.03,2.32
28.73,0.07,133.39,428.03,2.28
31.12,0.08,133.39,428.03,2.32
29.30,0.07,133.39,428.03,2.29
29.30,0.10,133.39,428.03,2.29
92.63,0.24,49.96,778.25,2.69
29.30,0.10,133.39,428.03,2.29
29.30,0.10,133.39,428.03,2.29
49.05,0.07,24.48,686.93,2.17
29.30,0.10,133.39,428.03,2.29
29.30,0.10,133.39,428.03,2.29
91.39,0.24,49.96,778.25,2.68
91.39,0.24,49.96,778.25,2.68
91.39,0.21,49.96,778.25,2.68
49.05,0.07,24.48,686.93,2.17
91.39,0.21,49.96,778.25,2.68
88.42,0.21,49.96,778.25,2.62
88.42,0.21,49.96,778.25,2.62
49.05,0.07,24.48,686.93,2.17
88.42,0.21,49.96,778.25,2.62
88.42,0.21,49.96,778.25,2.62
48.12,0.10,24.48,755.75,2.22
88.42,0.21,49.96,778.25,2.62
86.80,0.18,49.96,778.25,2.57
86.80,0.18,49.96,778.25,2.57
86.80,0.18,49.96,778.25,2.57
48.12,0.00,24.48,755.75,2.22
86.80,0.18,49.96,778.25,2.57
86.80,0.18,49.96,778.25,2.57
76.35,0.14,57.10,778.25,2.44
86.80,0.18,49.96,778.25,2.57
76.35,0.14,57.10,778.25,2.44
85.25,0.18,49.96,778.25,2.53
76.35,0.23,57.10,778.25,2.44
76.83,0.14,57.10,778.25,2.45
85.25,0.18,49.96,778.25,2.53
76.83,0.14,57.10,778.25,2.45
84.52,0.18,49.96,778.25,2.51
76.83,0.14,57.10,778.25,2.45
47.23,0.00,24.48,755.75,2.26
84.52,0.18,49.96,778.25,2.51
76.83,0.14,57.10,778.25,2.45
84.52,0.18,49.96,778.25,2.51
76.83,0.14,57.10,778.25,2.45
84.52,0.18,49.96,778.25,2.51
75.98,0.23,57.10,778.25,2.43
77.68,0.14,57.10,778.25,2.45
83.73,0.18,49.96,778.25,2.50
77.68,0.14,57.10,778.25,2.45
83.73,0.18,49.96,778.25,2.50
77.68,0.14,57.10,778.25,2.45
77.68,0.14,57.10,778.25,2.45
83.73,0.18,49.96,778.25,2.50
83.73,0.16,49.96,778.25,2.50
77.68,0.14,57.10,778.25,2.45
83.73,0.16,49.96,778.25,2.50
82.95,0.16,49.96,778.25,2.49
82.95,0.16,49.96,778.25,2.49
82.95,0.16,49.96,778.25,2.49
47.23,0.00,24.48,755.75,2.26
78.54,0.14,57.10,778.25,2.46
75.98,0.23,57.10,778.25,2.43
82.95,0.16,49.96,778.25,2.49
82.95,0.16,49.96,778.25,2.49
82.17,0.16,49.96,778.25,2.48
78.54,0.14,57.10,778.25,2.46
82.17,0.16,49.96,778.25,2.48
82.17,0.16,49.96,778.25,2.48
82.17,0.16,49.96,778.25,2.48
78.54,0.14,57.10,778.25,2.46
82.17,0.19,49.96,778.25,2.48
78.54,0.14,57.10,778.25,2.46
82.17,0.19,49.96,778.25,2.48
78.54,0.14,57.10,778.25,2.46
78.54,0.14,57.10,778.25,2.46
80.80,0.19,49.96,778.25,2.47
79.39,0.14,57.10,778.25,2.47
75.98,0.23,57.10,778.25,2.43
80.80,0.19,49.96,778.25,2.47
78.28,0.14,57.10,753.78,2.45
80.80,0.19,49.96,753.78,2.47
78.28,0.14,57.10,753.78,2.45
46.35,0.00,24.48,755.75,2.31
78.28,0.14,57.10,753.78,2.45
80.80,0.19,49.96,753.78,2.47
78.28,0.14,57.10,753.78,2.45
80.02,0.19,49.96,753.78,2.47
75.37,0.13,57.10,753.78,2.42
74.10,0.14,57.10,753.78,2.39
75.37,0.13,57.10,753.78,2.42
80.02,0.16,49.96,753.78,2.47
74.10,0.14,57.10,753.78,2.39
80.02,0.16,49.96,753.78,2.47
74.10,0.14,57.10,753.78,2.39
75.37,0.13,57.10,753.78,2.42
74.10,0.23,57.10,753.78,2.39
74.10,0.14,57.10,753.78,2.39
80.02,0.16,49.96,753.78,2.47
74.10,0.14,57.10,753.78,2.39
75.37,0.13,57.10,753.78,2.42
80.02,0.16,49.96,753.78,2.47
74.10,0.14,57.10,753.78,2.39
75.37,0.13,57.10,753.78,2.42
74.10,0.14,57.10,753.78,2.39
80.02,0.16,49.96,753.78,2.47
74.10,0.14,57.10,753.78,2.39
83.13,0.16,49.96,753.78,2.49
76.91,0.13,57.10,753.78,2.45
74.10,0.14,57.10,753.78,2.39
74.10,0.14,57.10,753.78,2.39
83.13,0.16,51.17,753.78,2.49
76.91,0.13,57.10,753.78,2.45
83.13,0.16,51.17,753.78,2.49
76.91,0.13,57.10,753.78,2.45
83.13,0.16,51.17,753.78,2.49
70.75,0.21,84.53,613.55,2.31
76.91,0.13,57.10,753.78,2.45
46.35,0.05,24.48,755.75,2.31
83.13,0.16,51.17,753.78,2.49
76.91,0.13,57.10,753.78,2.45
81.51,0.16,51.17,753.78,2.48
78.46,0.13,57.10,753.78,2.46
81.51,0.16,51.17,753.78,2.48
81.51,0.15,51.17,753.78,2.48
81.51,0.15,51.17,753.78,2.48
81.51,0.15,51.17,753.78,2.48
81.51,0.15,51.17,753.78,2.48
79.99,0.15,51.17,753.78,2.47
79.99,0.15,51.17,753.78,2.47
78.46,0.13,51.17,753.78,2.46
79.99,0.15,51.17,753.78,2.47
79.99,0.15,51.17,753.78,2.47
79.99,0.15,51.17,753.78,2.47
78.46,0.15,51.17,753.78,2.46
78.46,0.15,51.17,753.78,2.46
78.46,0.15,51.17,753.78,2.46
45.48,0.05,24.48,755.75,2.34
70.75,0.21,84.53,592.82,2.31
45.48,0.05,28.70,755.75,2.34
70.75,0.21,84.53,592.82,2.31
44.63,0.05,30.30,755.75,2.37
70.75,0.21,84.53,582.63,2.31
44.63,0.05,30.30,755.75,2.37
43.77,0.06,30.03,755.75,2.38
70.75,0.21,84.53,575.23,2.31
43.77,0.06,30.03,755.75,2.38
70.75,0.21,84.53,571.13,2.31
43.77,0.06,49.69,745.84,2.38
70.75,0.21,84.53,571.13,2.31
43.77,0.06,49.69,745.84,2.38
43.77,0.08,49.69,907.66,2.38
70.75,0.21,84.53,566.18,2.31
40.47,0.08,49.69,907.66,2.40
70.18,0.21,84.53,559.83,2.31
40.47,0.08,49.69,907.66,2.40
40.47,0.05,49.69,907.66,2.40
70.18,0.21,5.43,559.83,2.31
40.47,0.12,49.69,907.66,2.40
40.47,0.12,49.69,907.66,2.40
69.57,0.21,5.43,553.04,2.32
40.47,0.12,49.69,907.66,2.40
67.05,0.23,5.43,554.52,2.39
39.64,0.12,49.69,907.66,2.40
39.64,0.15,49.69,907.66,2.40
39.64,0.15,49.69,907.66,2.40
67.05,0.23,5.43,554.52,2.39
38.38,0.14,49.69,907.66,2.40
5.06,0.05,49.69,907.66,1.46
67.05,0.23,5.43,563.23,2.39
5.06,0.05,49.69,907.66,1.46
5.06,0.05,49.69,907.66,1.46
67.05,0.23,5.43,578.30,2.39
5.06,0.05,49.69,907.66,1.46
5.06,0.05,49.69,907.66,1.46
67.05,0.23,5.43,578.30,2.39
5.06,0.05,49.69,907.66,1.46
5.06,0.04,49.69,907.66,1.46
66.45,0.23,5.43,574.74,2.41
5.06,0.04,49.69,907.66,1.46
65.84,0.23,5.43,567.83,2.42
5.06,0.04,49.69,907.66,1.46
5.06,0.04,49.69,907.66,1.46
65.84,0.23,5.43,567.83,2.42
5.06,0.04,49.69,907.66,1.46
65.22,0.23,5.43,558.77,2.42
5.06,0.04,49.69,907.66,1.46
64.64,0.23,5.43,548.04,2.41
2.10,0.02,49.69,907.66,1.24
64.64,0.23,5.43,548.04,2.41
2.10,0.02,49.69,907.66,1.24
2.10,0.02,49.69,907.66,1.24
64.04,0.23,5.43,530.96,2.39
2.10,0.02,49.69,907.66,1.24
63.48,0.23,5.43,508.28,2.37
2.10,0.02,49.69,907.66,1.24
62.87,0.23,5.43,479.76,2.35
2.10,0.03,49.69,907.66,1.24
62.87,0.23,5.43,479.76,2.35
2.10,0.03,49.69,1415.84,1.24
2.10,0.03,67.75,1415.84,1.24
62.31,0.23,5.43,448.49,2.31
2.10,0.03,67.75,1415.84,1.24
61.73,0.23,5.43,416.50,2.28
1.94,0.02,67.75,1415.84,1.22
1.94,0.01,67.75,1415.84,1.22
61.73,0.23,5.43,416.50,2.28
1.94,0.04,67.75,1415.84,1.22
1.89,0.04,67.75,1415.84,1.22
61.19,0.23,5.43,389.94,2.24
1.78,0.04,67.75,1415.84,1.21
60.54,0.22,5.43,366.12,2.20
10.02,0.09,67.75,1415.84,1.84
59.97,0.22,5.43,342.70,2.17
10.02,0.09,67.75,1415.84,1.84
59.97,0.22,5.43,342.70,2.17
10.02,0.09,67.75,1415.84,1.84
59.40,0.22,5.43,316.91,2.14
10.02,0.09,67.75,1415.84,1.84
10.02,0.09,67.75,1415.84,1.84
58.68,0.24,5.43,178.27,2.11
10.02,0.09,67.75,1415.84,1.84
58.68,0.24,5.43,178.27,2.11
10.02,0.09,67.75,1415.84,1.84
58.12,0.23,5.43,179.85,2.09
10.02,0.09,67.75,1415.84,1.84
57.55,0.23,5.43,181.79,2.08
10.02,0.09,67.75,1415.84,1.84
57.55,0.23,5.43,181.79,2.08
10.02,0.09,67.75,1415.84,1.84
